y_true,x,y_pred_linear_mse,y_pred_LR_mse,y_pred_RF_mse,y_pred_linear_custom_loss
0.2419707245191434,1.0,0.1963,0.1950938776341685,0.2416849152627519,0.2301
0.2414862992911008,1.002002002002002,0.196,0.1948610985246002,0.2415250549374979,0.2295
0.2410018779416811,1.004004004004004,0.1958,0.1946283194150319,0.2410648544221864,0.2294
0.2405174643423343,1.006006006006006,0.1956,0.1943955403054636,0.2406046603778724,0.2291
0.2400330623566438,1.008008008008008,0.1953,0.1941627611958953,0.2401105690721743,0.2286
0.2395486758402796,1.01001001001001,0.1951,0.193929982086327,0.2396116484831902,0.2284
0.239064308640953,1.012012012012012,0.1948,0.1936972029767587,0.2391466529556943,0.2279
0.2385799645983709,1.014014014014014,0.1946,0.1934644238671904,0.2387107398805077,0.2275
0.2380956475441904,1.016016016016016,0.1946,0.1932316447576221,0.2381343974538485,0.2275
0.2376113613019741,1.018018018018018,0.1941,0.1929988656480538,0.2377711797644111,0.2268
0.2371271096871447,1.02002002002002,0.1938,0.1927660865384856,0.237495154525904,0.2263
0.236642896506941,1.022022022022022,0.1936,0.1925333074289172,0.2365799674185017,0.226
0.2361587255603733,1.024024024024024,0.1934,0.192300528319349,0.2361780993775405,0.2257
0.2356746006381793,1.026026026026026,0.1934,0.1920677492097806,0.2358004760307093,0.2252
0.2351905255227808,1.028028028028028,0.1929,0.1918349701002124,0.2352873490808892,0.2247
0.2347065039882395,1.03003003003003,0.1926,0.191602190990644,0.2347839587147016,0.2245
0.2342225398002142,1.032032032032032,0.1926,0.1913694118810758,0.2343241831654,0.2246
0.2337386367159176,1.034034034034034,0.1921,0.1911366327715075,0.2338644627035178,0.224
0.2332547984840735,1.036036036036036,0.1919,0.1909038536619391,0.2333854521778697,0.2234
0.2327710288448747,1.038038038038038,0.1917,0.1906710745523709,0.2328339385368671,0.223
0.2322873315299399,1.04004004004004,0.1917,0.1904382954428026,0.2323744091024144,0.223
0.2318037102622728,1.042042042042042,0.1914,0.1902055163332343,0.2319246287299129,0.2223
0.2313201687562194,1.044044044044044,0.1909,0.189972737223666,0.2314362346130716,0.2223
0.2308367107174273,1.046046046046046,0.1909,0.1897399581140977,0.2311364881038244,0.2216
0.2303533398428039,1.048048048048048,0.1907,0.1895071790045294,0.2306192479516688,0.2214
0.229870059820476,1.05005005005005,0.1904,0.1892743998949611,0.2299571231954018,0.2207
0.2293868743297486,1.052052052052052,0.1902,0.1890416207853928,0.2293337807717713,0.2208
0.228903787041065,1.054054054054054,0.19,0.1888088416758245,0.2288844933091129,0.2203
0.228420801615966,1.056056056056056,0.1897,0.1885760625662562,0.2284836033652804,0.22
0.2279379217070507,1.058058058058058,0.1895,0.1883432834566879,0.2281648922559584,0.2196
0.2274551509579365,1.06006006006006,0.1892,0.1881105043471196,0.2277641723750473,0.2189
0.2269724930032199,1.062062062062062,0.189,0.1878777252375513,0.2269966775643651,0.2186
0.2264899514684368,1.064064064064064,0.1887,0.187644946127983,0.2265382466501712,0.2183
0.2260075299700247,1.066066066066066,0.1885,0.1874121670184147,0.2259882616200952,0.2178
0.2255252321152834,1.068068068068068,0.1882,0.1871793879088464,0.2256168825963381,0.2174
0.2250430615023368,1.07007007007007,0.1882,0.1869466087992781,0.225139508672015,0.2167
0.224561021720095,1.072072072072072,0.1877,0.1867138296897098,0.2247104766158867,0.2167
0.2240791163482165,1.074074074074074,0.1875,0.1864810505801415,0.2242381777357153,0.2164
0.2235973489570704,1.076076076076076,0.1873,0.1862482714705732,0.2237226679246289,0.2161
0.2231157231076997,1.078078078078078,0.187,0.1860154923610049,0.2233855144088231,0.2161
0.2226342423517839,1.08008008008008,0.187,0.1857827132514366,0.2225861696901064,0.2151
0.2221529102316024,1.082082082082082,0.1865,0.1855499341418683,0.2221529515285204,0.2147
0.221671730279998,1.084084084084084,0.1863,0.1853171550323001,0.2217583643624583,0.2147
0.2211907060203408,1.086086086086086,0.1863,0.1850843759227317,0.2213783273484713,0.214
0.2207098409664926,1.088088088088088,0.1858,0.1848515968131634,0.2210417059459276,0.2135
0.2202291386227705,1.09009009009009,0.1858,0.1846188177035951,0.2201667298955398,0.2134
0.2197486024839121,1.092092092092092,0.1855,0.1843860385940268,0.2198255290954114,0.2133
0.2192682360350404,1.0940940940940942,0.185,0.1841532594844585,0.2193739511476718,0.2128
0.2187880427516289,1.0960960960960962,0.185,0.1839204803748902,0.218879314593683,0.2122
0.2183080260994666,1.098098098098098,0.1848,0.183687701265322,0.2184568580672733,0.2123
0.2178281895346244,1.1001001001001,0.1843,0.1834549221557536,0.217708325795563,0.2115
0.2173485365034208,1.102102102102102,0.1843,0.1832221430461854,0.2174397316596578,0.2112
0.2168690704423877,1.1041041041041042,0.1841,0.182989363936617,0.2169602293696636,0.2106
0.2163897947782377,1.1061061061061062,0.1838,0.1827565848270488,0.2166103433567199,0.2103
0.2159107129278306,1.108108108108108,0.1838,0.1825238057174805,0.2164282880408214,0.21
0.2154318282981397,1.11011011011011,0.1833,0.1822910266079122,0.2152692980091815,0.2092
0.2149531442862206,1.112112112112112,0.1833,0.1820582474983439,0.2148049251023407,0.2094
0.2144746642791773,1.1141141141141142,0.1829,0.1818254683887755,0.214589610112299,0.2086
0.2139963916541312,1.1161161161161162,0.1829,0.1815926892792073,0.214135219568355,0.2085
0.2135183297781886,1.118118118118118,0.1826,0.181359910169639,0.2139392170526934,0.208
0.2130404820084093,1.12012012012012,0.1824,0.1811271310600707,0.2130933718058232,0.2073
0.2125628516917753,1.122122122122122,0.1821,0.1808943519505024,0.2125105672656083,0.2069
0.2120854421651597,1.1241241241241242,0.1819,0.1806615728409341,0.2120617483029015,0.207
0.2116082567552962,1.1261261261261262,0.1816,0.1804287937313658,0.2119042774824685,0.2062
0.211131298778748,1.128128128128128,0.1814,0.1801960146217975,0.2111314779757491,0.2062
0.2106545715418782,1.13013013013013,0.1812,0.1799632355122292,0.21077869128835,0.2057
0.2101780783408195,1.132132132132132,0.1809,0.1797304564026609,0.210664305888917,0.2052
0.2097018224614444,1.1341341341341342,0.1807,0.1794976772930926,0.2094640169181709,0.2048
0.2092258071793364,1.1361361361361362,0.1807,0.1792648981835243,0.2092402427273466,0.2042
0.2087500357597601,1.138138138138138,0.1802,0.179032119073956,0.2088120070957797,0.2042
0.2082745114576329,1.14014014014014,0.1799,0.1787993399643877,0.2084886419844859,0.203
0.207799237517496,1.142142142142142,0.1797,0.1785665608548194,0.2080322858069483,0.2032
0.2073242171734863,1.1441441441441442,0.1794,0.1783337817452511,0.2075429054974934,0.2024
0.2068494536493084,1.1461461461461462,0.1794,0.1781010026356828,0.2068021228484216,0.2028
0.2063749501582067,1.148148148148148,0.179,0.1778682235261145,0.2064699452354196,0.2019
0.2059007099029378,1.15015015015015,0.1787,0.1776354444165462,0.2060051147258616,0.2014
0.2054267360757437,1.1521521521521525,0.1785,0.1774026653069779,0.2056827867083312,0.2013
0.2049530318583244,1.1541541541541542,0.1782,0.1771698861974096,0.2051379093081796,0.2014
0.2044796004218112,1.1561561561561562,0.1782,0.1769371070878413,0.2046880591655294,0.2003
0.2040064449267407,1.158158158158158,0.1777,0.176704327978273,0.2039166849586836,0.2002
0.2035335685230283,1.16016016016016,0.1777,0.1764715488687047,0.2035761981760205,0.2002
0.2030609743499424,1.1621621621621625,0.1775,0.1762387697591364,0.2031319033949102,0.1989
0.2025886655360791,1.1641641641641642,0.1772,0.1760059906495681,0.2026831618537481,0.1987
0.2021166451993364,1.1661661661661662,0.177,0.1757732115399999,0.2022394082996326,0.1985
0.2016449164468895,1.1681681681681682,0.1768,0.1755404324304315,0.2017817556907349,0.1982
0.2011734823751659,1.17017017017017,0.1765,0.1753076533208633,0.2013998534861858,0.1974
0.2007023460698209,1.1721721721721725,0.1763,0.1750748742112949,0.2009098083428577,0.1975
0.2002315106057136,1.1741741741741742,0.176,0.1748420951017266,0.2004388534006176,0.1965
0.1997609790468825,1.1761761761761762,0.1758,0.1746093159921584,0.1999399621429978,0.1965
0.1992907544465221,1.1781781781781782,0.1755,0.1743765368825901,0.1992203629604629,0.1959
0.1988208398469595,1.18018018018018,0.1753,0.1741437577730218,0.1988491007914131,0.1957
0.1983512382796313,1.1821821821821823,0.175,0.1739109786634534,0.198496865303192,0.1952
0.1978819527650606,1.1841841841841845,0.1748,0.1736781995538852,0.1980040337005449,0.1946
0.1974129863128344,1.1861861861861862,0.1746,0.1734454204443169,0.1974646531973559,0.1938
0.1969443419215815,1.1881881881881882,0.1743,0.1732126413347486,0.1970334426255498,0.1937
0.1964760225789502,1.19019019019019,0.1741,0.1729798622251803,0.1966587519914247,0.1935
0.1960080312615864,1.1921921921921923,0.1738,0.172747083115612,0.1962749481710284,0.1931
0.1955403709351129,1.1941941941941945,0.1736,0.1725143040060437,0.1954610287068615,0.1926
0.1950730445541071,1.1961961961961962,0.1736,0.1722815248964754,0.1951151710699377,0.1924
0.1946060550620806,1.1981981981981982,0.1731,0.1720487457869071,0.1946761511482987,0.192
0.1941394053914587,1.2002002002002,0.1731,0.1718159666773388,0.1943027805846559,0.1914
0.1936730984635594,1.2022022022022023,0.1726,0.1715831875677705,0.1938784013449863,0.1915
0.1932071371885738,1.2042042042042045,0.1726,0.1713504084582022,0.1932119115334537,0.1909
0.1927415244655461,1.2062062062062062,0.1724,0.1711176293486339,0.1928300537952116,0.1906
0.1922762631823538,1.2082082082082082,0.1719,0.1708848502390656,0.1924484803744542,0.19
0.1918113562156882,1.21021021021021,0.1719,0.1706520711294973,0.1918904867812936,0.1896
0.1913468064310359,1.2122122122122123,0.1716,0.170419292019929,0.191523439444968,0.1892
0.19088261668266,1.2142142142142145,0.1714,0.1701865129103607,0.1911520492372442,0.1892
0.1904187898135807,1.2162162162162162,0.1711,0.1699537338007924,0.1904700394932552,0.1885
0.1899553286555581,1.2182182182182182,0.1709,0.1697209546912241,0.1900204494367305,0.1877
0.1894922360290735,1.22022022022022,0.1704,0.1694881755816558,0.1897425508749025,0.1875
0.1890295147433122,1.2222222222222223,0.1704,0.1692553964720875,0.1889695855126703,0.1868
0.1885671675961457,1.2242242242242245,0.1702,0.1690226173625192,0.1886135227863306,0.187
0.1881051973741146,1.2262262262262262,0.1699,0.1687898382529509,0.188179192374006,0.1863
0.1876436068524117,1.2282282282282282,0.1697,0.1685570591433826,0.1877129141360239,0.1863
0.1871823987948657,1.23023023023023,0.1694,0.1683242800338144,0.1872239614502555,0.1855
0.186721575953924,1.2322322322322323,0.1692,0.168091500924246,0.1868091555711621,0.1849
0.1862611410706377,1.2342342342342345,0.169,0.1678587218146777,0.1863578597442383,0.1846
0.1858010968746448,1.2362362362362362,0.1687,0.1676259427051094,0.1859161393417191,0.1844
0.1853414460841552,1.2382382382382382,0.1685,0.1673931635955411,0.1855621416247831,0.1838
0.1848821914059353,1.2402402402402402,0.1682,0.1671603844859729,0.1850339606165947,0.1837
0.1844233355352927,1.2422422422422423,0.168,0.1669276053764045,0.1843822390641978,0.1831
0.1839648811560619,1.2442442442442443,0.1677,0.1666948262668363,0.1840016424340062,0.1826
0.1835068309405892,1.2462462462462462,0.1677,0.166462047157268,0.1836213840438753,0.1819
0.1830491875497192,1.2482482482482482,0.1675,0.1662292680476997,0.1831499427741788,0.1821
0.1825919536327802,1.2502502502502502,0.1672,0.1659964889381314,0.1826606210897955,0.1819
0.1821351318275706,1.2522522522522523,0.167,0.1657637098285631,0.1822311223910792,0.181
0.1816787247603461,1.2542542542542543,0.1667,0.1655309307189948,0.1817654962543795,0.1803
0.1812227350458057,1.2562562562562565,0.1665,0.1652981516094265,0.1813276587970798,0.1803
0.1807671652870789,1.2582582582582582,0.1663,0.1650653724998582,0.1808537784204473,0.1803
0.1803120180757138,1.2602602602602602,0.166,0.1648325933902899,0.1804577329972089,0.1793
0.1798572959916637,1.2622622622622623,0.1658,0.1645998142807216,0.1799210554017174,0.1786
0.179403001603276,1.2642642642642643,0.1655,0.1643670351711533,0.1795030193325406,0.1782
0.1789491374672794,1.2662662662662665,0.1653,0.164134256061585,0.1790263762450266,0.1782
0.1784957061287729,1.2682682682682682,0.165,0.1639014769520167,0.1785910225313556,0.1779
0.1780427101212144,1.2702702702702702,0.1648,0.1636686978424484,0.1782557448924818,0.1772
0.1775901519664093,1.2722722722722724,0.1648,0.1634359187328801,0.1781426059813156,0.1768
0.1771380341745002,1.2742742742742743,0.1643,0.1632031396233118,0.1772427904868933,0.1768
0.1766863592439559,1.2762762762762765,0.1643,0.1629703605137435,0.1764838585258437,0.176
0.1762351296615615,1.2782782782782782,0.1638,0.1627375814041752,0.1762130521968371,0.1754
0.175784347902408,1.2802802802802802,0.1636,0.1625048022946069,0.17563138430943,0.1752
0.1753340164298827,1.2822822822822824,0.1636,0.1622720231850386,0.1753341478695668,0.1749
0.1748841376956598,1.2842842842842843,0.1631,0.1620392440754703,0.1749427130879359,0.1748
0.1744347141396912,1.2862862862862865,0.1631,0.161806464965902,0.17456062583087,0.174
0.173985748190197,1.2882882882882882,0.1628,0.1615736858563337,0.1740172401855932,0.1736
0.1735372422636574,1.2902902902902902,0.1626,0.1613409067467654,0.1736224953837974,0.1732
0.173089198764804,1.2922922922922924,0.1624,0.1611081276371971,0.1731833436539953,0.173
0.1726416200866114,1.2942942942942943,0.1621,0.1608753485276288,0.1727312011113337,0.1725
0.1721945086102894,1.2962962962962965,0.1619,0.1606425694180605,0.1722974333020603,0.1724
0.1717478667052755,1.2982982982982982,0.1616,0.1604097903084922,0.171814966908999,0.172
0.1713016967292269,1.3003003003003002,0.1614,0.1601770111989239,0.1712394132499088,0.1714
0.1708560010280138,1.3023023023023024,0.1611,0.1599442320893556,0.170900708953702,0.1705
0.1704107819357125,1.3043043043043043,0.1609,0.1597114529797873,0.1704465289125549,0.1703
0.1699660417745982,1.3063063063063065,0.1606,0.159478673870219,0.170059562261358,0.17
0.169521782855139,1.3083083083083082,0.1604,0.1592458947606508,0.1695751905644582,0.1693
0.1690780074759897,1.3103103103103102,0.1602,0.1590131156510825,0.1691224482169338,0.1692
0.1686347179239855,1.3123123123123124,0.1599,0.1587803365415142,0.1687633108967391,0.169
0.168191916474137,1.3143143143143143,0.1597,0.1585475574319458,0.1684134002440866,0.1685
0.1677496053896241,1.3163163163163163,0.1594,0.1583147783223776,0.1679400255566614,0.1681
0.1673077869217913,1.3183183183183182,0.1592,0.1580819992128093,0.1672682556622217,0.1675
0.1668664633101423,1.3203203203203202,0.1589,0.157849220103241,0.1668974654320751,0.167
0.166425636782336,1.3223223223223224,0.1587,0.1576164409936727,0.1665094586871392,0.1666
0.1659853095541814,1.3243243243243243,0.1584,0.1573836618841044,0.1660910833083868,0.1665
0.165545483829634,1.3263263263263263,0.1584,0.1571508827745361,0.1655939552806006,0.166
0.1651061618007912,1.3283283283283285,0.158,0.1569181036649678,0.1651765442956287,0.1655
0.1646673456478894,1.3303303303303302,0.158,0.1566853245553995,0.1647464188577748,0.165
0.1642290375393001,1.3323323323323324,0.1577,0.1564525454458312,0.1642948652582102,0.1649
0.1637912396315267,1.3343343343343343,0.1575,0.1562197663362629,0.1639533167785041,0.1646
0.1633539540692017,1.3363363363363363,0.1572,0.1559869872266946,0.1636384004707724,0.1646
0.1629171829850842,1.3383383383383385,0.157,0.1557542081171263,0.1629174151359488,0.164
0.1624809285000569,1.3403403403403402,0.1565,0.155521429007558,0.1625726868416696,0.1628
0.1620451927231245,1.3423423423423424,0.1565,0.1552886498979897,0.1620932850637672,0.1628
0.1616099777514113,1.3443443443443444,0.156,0.1550558707884214,0.1616927941301451,0.162
0.1611752856701599,1.3463463463463463,0.156,0.1548230916788531,0.1613101555616588,0.162
0.1607411185527291,1.3483483483483485,0.1558,0.1545903125692848,0.1609714588711996,0.1615
0.1603074784605934,1.3503503503503502,0.1553,0.1543575334597165,0.1602253300735875,0.1613
0.1598743674433415,1.3523523523523524,0.1553,0.1541247543501482,0.1599220945921425,0.1604
0.1594417875386758,1.3543543543543544,0.155,0.1538919752405799,0.159562984287408,0.1602
0.1590097407724118,1.3563563563563563,0.1548,0.1536591961310116,0.1591135229312193,0.1595
0.1585782291584776,1.3583583583583585,0.1545,0.1534264170214433,0.1586818832016469,0.1599
0.1581472546989145,1.3603603603603602,0.1543,0.153193637911875,0.1582033621905128,0.1588
0.1577168193838763,1.3623623623623624,0.154,0.1529608588023067,0.1578115908506712,0.1588
0.1572869251916308,1.3643643643643644,0.1538,0.1527280796927384,0.1573558060768388,0.1586
0.1568575740885595,1.3663663663663663,0.1536,0.1524953005831701,0.1570379994640231,0.1582
0.1564287680291592,1.3683683683683685,0.1533,0.1522625214736018,0.1566176832522283,0.1575
0.1560005089560429,1.3703703703703702,0.1533,0.1520297423640335,0.1560049505777744,0.1573
0.1555727987999408,1.3723723723723724,0.1528,0.1517969632544652,0.15571404759872,0.1566
0.1551456394797027,1.3743743743743744,0.1526,0.1515641841448969,0.1552012916032286,0.1564
0.1547190329022994,1.3763763763763763,0.1523,0.1513314050353287,0.1548129917487731,0.1561
0.1542929809628247,1.3783783783783785,0.1523,0.1510986259257603,0.1543826130537373,0.1555
0.153867485544498,1.3803803803803802,0.1519,0.150865846816192,0.1539399926415386,0.1548
0.1534425485186665,1.3823823823823824,0.1516,0.1506330677066237,0.1535362027002602,0.155
0.1530181717448083,1.3843843843843844,0.1514,0.1504002885970554,0.1530947057455236,0.1542
0.1525943570705355,1.3863863863863863,0.1511,0.1501675094874872,0.1526877146697488,0.1539
0.1521711063315967,1.3883883883883883,0.1509,0.1499347303779188,0.1522135615112804,0.1536
0.1517484213518818,1.3903903903903905,0.1506,0.1497019512683506,0.1518119376669772,0.1531
0.1513263039434239,1.3923923923923924,0.1506,0.1494691721587823,0.1514277144641798,0.1528
0.1509047559064051,1.3943943943943944,0.1504,0.149236393049214,0.1511704963936781,0.1521
0.1504837790291593,1.3963963963963963,0.1501,0.1490036139396457,0.1509178601612114,0.152
0.150063375088177,1.3983983983983983,0.1499,0.1487708348300774,0.1499842449723494,0.1512
0.1496435458481104,1.4004004004004005,0.1497,0.1485380557205091,0.1495053709702229,0.1514
0.1492242930617771,1.4024024024024024,0.1494,0.1483052766109408,0.1492370153667281,0.1505
0.1488056184701662,1.4044044044044044,0.1492,0.1480724975013725,0.1488894113979327,0.1503
0.1483875238024432,1.4064064064064064,0.1492,0.1478397183918042,0.1484419517053161,0.15
0.1479700107759553,1.4084084084084083,0.1487,0.1476069392822359,0.1481162044520866,0.1498
0.1475530810962374,1.4104104104104105,0.1487,0.1473741601726676,0.1475740738569312,0.1492
0.1471367364570177,1.4124124124124124,0.1484,0.1471413810630993,0.1472575525584539,0.1489
0.1467209785402243,1.4144144144144144,0.1482,0.146908601953531,0.1469331440388699,0.1487
0.1463058090159912,1.4164164164164164,0.1477,0.1466758228439627,0.1468999072740777,0.1483
0.1458912295426649,1.4184184184184183,0.1477,0.1464430437343944,0.1464064424117171,0.1475
0.1454772417668116,1.4204204204204205,0.1472,0.1462102646248261,0.1452632132282163,0.1469
0.1450638473232237,1.4224224224224224,0.147,0.1459774855152578,0.1449324292686158,0.147
0.1446510478349274,1.4244244244244244,0.147,0.1457447064056895,0.1445939065208391,0.1465
0.1442388449131899,1.4264264264264264,0.1465,0.1455119272961212,0.1444042641826139,0.1461
0.1438272401575274,1.4284284284284283,0.1465,0.1452791481865529,0.1439389191952272,0.1455
0.1434162351557127,1.4304304304304305,0.1462,0.1450463690769846,0.1434947710710113,0.1451
0.1430058314837831,1.4324324324324325,0.146,0.1448135899674163,0.1429733246410488,0.1451
0.1425960307060494,1.4344344344344344,0.1458,0.144580810857848,0.142661852634043,0.1445
0.1421868343751037,1.4364364364364364,0.1455,0.1443480317482797,0.1423303318600867,0.1442
0.1417782440318284,1.4384384384384383,0.1453,0.1441152526387114,0.1417662048286862,0.1437
0.1413702612054055,1.4404404404404405,0.145,0.1438824735291431,0.1415050960473995,0.1438
0.1409628874133248,1.4424424424424425,0.1448,0.1436496944195748,0.1411791254523537,0.1431
0.1405561241613945,1.4444444444444444,0.1445,0.1434169153100065,0.1404384811347622,0.1427
0.1401499729437495,1.4464464464464464,0.1443,0.1431841362004382,0.140202876869893,0.1423
0.1397444352428621,1.4484484484484486,0.144,0.1429513570908699,0.1398296903639441,0.1418
0.1393395125295515,1.4504504504504503,0.1438,0.1427185779813016,0.1394165401659429,0.1416
0.1389352062629943,1.4524524524524525,0.1436,0.1424857988717333,0.139040455678239,0.1407
0.1385315178907345,1.4544544544544544,0.1436,0.1422530197621651,0.1385881580711095,0.141
0.1381284488486941,1.4564564564564564,0.1433,0.1420202406525968,0.1381688488659616,0.1404
0.1377260005611844,1.4584584584584586,0.1431,0.1417874615430285,0.1378629261910069,0.14
0.1373241744409163,1.4604604604604603,0.1426,0.1415546824334601,0.1374408535458687,0.1394
0.1369229718890121,1.4624624624624625,0.1423,0.1413219033238918,0.1369431945604358,0.139
0.1365223942950164,1.4644644644644644,0.1421,0.1410891242143236,0.1365986105146295,0.1385
0.1361224430369078,1.4664664664664664,0.1421,0.1408563451047553,0.1362105577858325,0.1383
0.1357231194811108,1.4684684684684686,0.1418,0.140623565995187,0.1358829934098724,0.1383
0.1353244249825078,1.4704704704704703,0.1414,0.1403907868856187,0.1356317534542174,0.1376
0.1349263608844512,1.4724724724724725,0.1414,0.1401580077760504,0.1349706026735888,0.1371
0.1345289285187756,1.4744744744744744,0.1409,0.1399252286664821,0.1346803325684148,0.1367
0.1341321292058107,1.4764764764764764,0.1409,0.1396924495569138,0.1340411698825156,0.1364
0.1337359642543935,1.4784784784784786,0.1406,0.1394596704473455,0.1337638166276205,0.136
0.1333404349618821,1.4804804804804803,0.1401,0.1392268913377772,0.133443323507801,0.1356
0.132945542614168,1.4824824824824825,0.1401,0.1389941122282089,0.1330601506563729,0.1354
0.13255128848569,1.4844844844844844,0.1396,0.1387613331186406,0.1326618138817277,0.1349
0.1321576738394471,1.4864864864864864,0.1396,0.1385285540090723,0.1322837969661613,0.1345
0.1317646999270129,1.4884884884884886,0.1394,0.138295774899504,0.1320440256483897,0.1343
0.1313723679885493,1.4904904904904903,0.1392,0.1380629957899357,0.1313923638636908,0.1337
0.1309806792528203,1.4924924924924925,0.1389,0.1378302166803674,0.130996720331086,0.1337
0.1305896349372062,1.4944944944944945,0.1387,0.1375974375707991,0.13076594726179,0.1332
0.1301992362477187,1.4964964964964964,0.1384,0.1373646584612308,0.1301800267254473,0.1326
0.1298094843790149,1.4984984984984986,0.1382,0.1371318793516625,0.1299032256600833,0.1323
0.1294203805144123,1.5005005005005003,0.138,0.1368991002420942,0.1293039545605376,0.1322
0.1290319258259041,1.5025025025025025,0.1377,0.1366663211325259,0.1290592542593048,0.1316
0.1286441214741737,1.5045045045045045,0.1375,0.1364335420229576,0.1287062613555263,0.1313
0.128256968608611,1.5065065065065064,0.137,0.1362007629133893,0.1283925503238158,0.1309
0.1278704683673269,1.5085085085085086,0.137,0.135967983803821,0.1282263423367179,0.1304
0.12748462187717,1.5105105105105106,0.1367,0.1357352046942527,0.1276780814617567,0.1298
0.1270994302537419,1.5125125125125125,0.1367,0.1355024255846844,0.1272232682464556,0.1296
0.1267148946014135,1.5145145145145145,0.1362,0.1352696464751161,0.1266769273859552,0.129
0.126331016013341,1.5165165165165164,0.136,0.1350368673655478,0.1264581172399378,0.129
0.1259477955714826,1.5185185185185186,0.1357,0.1348040882559795,0.1263776413968773,0.1285
0.1255652343466153,1.5205205205205206,0.1355,0.1345713091464112,0.1259108397190919,0.1283
0.1251833333983511,1.5225225225225223,0.1355,0.1343385300368429,0.1248676118176259,0.1277
0.1248020937751544,1.5245245245245245,0.135,0.1341057509272747,0.124638790263248,0.1277
0.1244215165143588,1.5265265265265264,0.135,0.1338729718177063,0.1244142236991109,0.127
0.1240416026421848,1.5285285285285286,0.1345,0.133640192708138,0.1241367870641308,0.1271
0.1236623531737571,1.5305305305305306,0.1345,0.1334074135985697,0.12384467232919,0.1261
0.1232837691131217,1.5325325325325323,0.1343,0.1331746344890015,0.1232915805990953,0.1257
0.1229058514532647,1.5345345345345345,0.134,0.1329418553794332,0.1229173358460959,0.126
0.1225286011761295,1.5365365365365364,0.1338,0.1327090762698649,0.1226154422199344,0.1252
0.1221520192526351,1.5385385385385386,0.1335,0.1324762971602966,0.1222349743561536,0.1249
0.1217761066426945,1.5405405405405406,0.133,0.1322435180507283,0.1218288483336196,0.1249
0.1214008642952332,1.5425425425425423,0.133,0.13201073894116,0.1214947956698195,0.1241
0.1210262931482078,1.5445445445445445,0.1328,0.1317779598315917,0.1211538287195772,0.1234
0.1206523941286244,1.5465465465465464,0.1326,0.1315451807220234,0.1207797483542722,0.12317
0.1202791681525581,1.5485485485485486,0.1326,0.1313124016124551,0.1204063613831241,0.1226
0.1199066161251721,1.5505505505505506,0.1321,0.1310796225028868,0.1201716136164171,0.12244
0.1195347389407364,1.5525525525525523,0.1321,0.1308468433933185,0.119658039097091,0.12225
0.1191635374826476,1.5545545545545547,0.1318,0.1306140642837502,0.1192495231404522,0.12177
0.1187930126234488,1.5565565565565564,0.1316,0.1303812851741819,0.1187379148183317,0.1212
0.1184231652248484,1.5585585585585586,0.1313,0.1301485060646136,0.1185603613951161,0.12115
0.1180539961377412,1.5605605605605606,0.1311,0.1299157269550453,0.118442166677359,0.1209
0.1176855062022275,1.5625625625625623,0.1309,0.129682947845477,0.1175980817675289,0.1206
0.1173176962476337,1.5645645645645647,0.1306,0.1294501687359087,0.1171895209262745,0.1198
0.1169505670925326,1.5665665665665665,0.1304,0.1292173896263404,0.116936113776234,0.11945
0.1165841195447638,1.5685685685685686,0.1301,0.1289846105167721,0.1166612031625147,0.1193
0.1162183544014547,1.5705705705705706,0.1299,0.1287518314072038,0.1163135489539827,0.1189
0.1158532724490408,1.5725725725725723,0.1296,0.1285190522976355,0.1159117744614709,0.1188
0.1154888744632871,1.5745745745745747,0.1294,0.1282862731880672,0.1155763984453942,0.1182
0.115125161209309,1.5765765765765765,0.1294,0.1280534940784989,0.115274365803602,0.1176
0.1147621334415933,1.5785785785785786,0.1292,0.1278207149689306,0.1149366475371277,0.11774
0.1143997919040203,1.5805805805805806,0.1287,0.1275879358593623,0.1143891482529544,0.1173
0.1140381373298846,1.5825825825825826,0.1284,0.127355156749794,0.114143202664154,0.117
0.1136771704419171,1.5845845845845847,0.1282,0.1271223776402257,0.1139555000889473,0.11664
0.1133168919523072,1.5865865865865865,0.128,0.1268895985306574,0.1135408499581392,0.1159
0.1129573025627236,1.5885885885885886,0.1279,0.1266568194210891,0.1132565266118354,0.11584
0.112598402964338,1.5905905905905906,0.1274,0.1264240403115208,0.112714113801,0.115
0.1122401938378461,1.5925925925925926,0.1273,0.1261912612019526,0.1124201619845785,0.11487
0.1118826758534905,1.5945945945945947,0.127,0.1259584820923842,0.1119192996986708,0.1143
0.1115258496710833,1.5965965965965965,0.1268,0.125725702982816,0.1116695218255718,0.11426
0.1111697159400283,1.5985985985985989,0.1267,0.1254929238732476,0.1110853385963784,0.1146
0.1108142752993446,1.6006006006006006,0.1263,0.1252601447636794,0.1106620741293361,0.1136
0.1104595283776886,1.6026026026026026,0.1262,0.1250273656541111,0.1104455954603603,0.1135
0.1101054757933778,1.6046046046046047,0.1259,0.1247945865445427,0.1101409644391703,0.113
0.1097521181544136,1.6066066066066065,0.1257,0.1245618074349745,0.1098475733689821,0.11237
0.1093994560585048,1.6086086086086089,0.1255,0.1243290283254061,0.1095124192273194,0.11237
0.109047490093091,1.6106106106106106,0.1252,0.1240962492158379,0.1090934198102721,0.11176
0.1086962208353662,1.6126126126126126,0.125,0.1238634701062696,0.1088545080021786,0.1118
0.1083456488523025,1.6146146146146148,0.1248,0.1236306909967012,0.1085599860175992,0.1112
0.1079957747006744,1.6166166166166165,0.12445,0.123397911887133,0.1081852722775262,0.111
0.1076465989270817,1.6186186186186189,0.1243,0.1231651327775647,0.1078430177245137,0.11053
0.1072981220679747,1.6206206206206206,0.124,0.1229323536679964,0.1072192449520023,0.11035
0.1069503446496779,1.6226226226226226,0.1237,0.1226995745584281,0.1068087991296699,0.1097
0.1066032671884145,1.6246246246246248,0.12354,0.1224667954488598,0.1067845037782437,0.10956
0.106256890190331,1.6266266266266265,0.1232,0.1222340163392915,0.1063511269119649,0.109
0.1059112141515212,1.628628628628629,0.12305,0.1220012372297232,0.1059533194501813,0.10895
0.1055662395580518,1.6306306306306306,0.12286,0.1217684581201549,0.1055045442461438,0.1084
0.1052219668859866,1.6326326326326326,0.1227,0.1215356790105866,0.1052979104978717,0.10803
0.1048783966014116,1.6346346346346348,0.1224,0.1213028999010183,0.104971371290013,0.10767
0.1045355291604605,1.6366366366366365,0.1222,0.12107012079145,0.1049267989287829,0.10767
0.1041933650093389,1.638638638638639,0.1219,0.1208373416818817,0.1041909213628379,0.10706
0.103851904584351,1.6406406406406406,0.1217,0.1206045625723134,0.1038527634857946,0.1072
0.1035111483119238,1.6426426426426426,0.1215,0.1203717834627451,0.1035628959724764,0.10645
0.1031710966086331,1.6446446446446448,0.1211,0.1201390043531768,0.1030864573430641,0.1062
0.1028317498812296,1.6466466466466465,0.12103,0.1199062252436085,0.1029099406788913,0.10614
0.1024931085266637,1.648648648648649,0.1207,0.1196734461340402,0.1025541980178408,0.1056
0.1021551729321125,1.6506506506506506,0.12054,0.1194406670244719,0.1022465638450476,0.1053
0.1018179434750046,1.6526526526526526,0.12036,0.1192078879149036,0.1020103690589578,0.10486
0.1014814205230474,1.6546546546546548,0.1202,0.1189751088053353,0.1018285974543513,0.1046
0.1011456044342523,1.6566566566566563,0.1198,0.118742329695767,0.1010491440702391,0.1044
0.1008104955569617,1.6586586586586587,0.1196,0.1185095505861987,0.1007338450123233,0.1036
0.1004760942298751,1.6606606606606606,0.11926,0.1182767714766304,0.1005432081128043,0.1034
0.1001424007820755,1.6626626626626626,0.1191,0.1180439923670621,0.1002394055953046,0.10297
0.0998094155330565,1.6646646646646648,0.11884,0.1178112132574938,0.1000362280401609,0.1027
0.0994771387927487,1.6666666666666663,0.1185,0.1175784341479256,0.0993779731809011,0.10223
0.0991455708615463,1.6686686686686687,0.1184,0.1173456550383572,0.0991757027151416,0.10205
0.0988147120303347,1.6706706706706709,0.1181,0.117112875928789,0.0989307537296745,0.10175
0.0984845625805171,1.6726726726726726,0.1179,0.1168800968192207,0.0985013610648794,0.1013
0.0981551227840414,1.6746746746746748,0.1177,0.1166473177096523,0.0982277983225497,0.1014
0.0978263929034282,1.6766766766766763,0.1174,0.1164145386000841,0.097885734719682,0.1008
0.0974983731917973,1.6786786786786787,0.1172,0.1161817594905157,0.0975608532105582,0.10034
0.0971710638928958,1.6806806806806809,0.1169,0.1159489803809475,0.0972072171627405,0.0999
0.0968444652411252,1.6826826826826826,0.11676,0.1157162012713792,0.0969131718016789,0.09985
0.0965185774615691,1.6846846846846848,0.1166,0.1154834221618109,0.0965936383032785,0.0994
0.0961934007700211,1.6866866866866863,0.1164,0.1152506430522426,0.0962520534923214,0.0994
0.0958689353730124,1.6886886886886887,0.11597,0.1150178639426743,0.0959306905122622,0.0989
0.0955451814678399,1.690690690690691,0.11584,0.114785084833106,0.0956715522200914,0.09827
0.0952221392425939,1.6926926926926926,0.11554,0.1145523057235377,0.095442071328944,0.0983
0.0948998088761865,1.6946946946946948,0.11536,0.1143195266139694,0.0948904949502696,0.09784
0.0945781905383797,1.6966966966966963,0.1152,0.1140867475044011,0.0946041478905014,0.09753
0.0942572843898132,1.6986986986986987,0.11487,0.1138539683948328,0.094331270863114,0.0972
0.0939370905820336,1.700700700700701,0.11456,0.1136211892852645,0.0939725541631615,0.09705
0.0936176092575221,1.7027027027027026,0.1144,0.1133884101756962,0.0937426060446719,0.0963
0.0932988405497232,1.7047047047047048,0.11426,0.1131556310661279,0.093276904488613,0.0964
0.0929807845830736,1.7067067067067063,0.11414,0.1129228519565596,0.0930096947671373,0.0956
0.0926634414730305,1.7087087087087087,0.1139,0.1126900728469913,0.0927620388537519,0.0955
0.0923468113261004,1.710710710710711,0.1135,0.112457293737423,0.0924896086319172,0.09576
0.0920308942398683,1.7127127127127126,0.11334,0.1122245146278547,0.092021659190003,0.09503
0.0917156903030262,1.7147147147147148,0.11304,0.1119917355182864,0.0917630778753634,0.0944
0.0914011995954025,1.7167167167167166,0.11285,0.1117589564087181,0.0914421761163331,0.0943
0.0910874221879904,1.7187187187187187,0.1128,0.1115261772991498,0.0911847716529084,0.094
0.0907743581429781,1.720720720720721,0.1124,0.1112933981895815,0.090924764424867,0.0935
0.0904620075137769,1.7227227227227226,0.11224,0.1110606190800132,0.0906591237233912,0.0934
0.0901503703450516,1.7247247247247248,0.1119,0.1108278399704449,0.0902317812798093,0.0935
0.0898394466727489,1.7267267267267266,0.1117,0.1105950608608766,0.0900326331904758,0.0928
0.0895292365241274,1.7287287287287287,0.1116,0.1103622817513083,0.0896537415698062,0.0925
0.0892197399177874,1.7307307307307307,0.1114,0.11012950264174,0.0893160905896314,0.09235
0.0889109568636995,1.7327327327327329,0.111,0.1098967235321717,0.0888649176911877,0.09204
0.0886028873632354,1.7347347347347348,0.1109,0.1096639444226034,0.0886676818548772,0.0918
0.0882955314091969,1.7367367367367368,0.1106,0.1094311653130351,0.0883755723945467,0.09125
0.0879888889858462,1.7387387387387387,0.11035,0.1091983862034668,0.088136277139423,0.0909
0.0876829600689351,1.7407407407407407,0.11017,0.1089656070938985,0.0880352206860868,0.09094
0.0873777446257358,1.7427427427427429,0.10974,0.1087328279843302,0.0872993802897451,0.09045
0.0870732426150701,1.7447447447447448,0.10956,0.1085000488747619,0.0869550504010871,0.09
0.0867694539873402,1.7467467467467468,0.10925,0.1082672697651936,0.0867636207378032,0.0896
0.0864663786845583,1.7487487487487487,0.1091,0.1080344906556254,0.0865149991207119,0.0895
0.0861640166403769,1.7507507507507507,0.1089,0.1078017115460571,0.0862185630547407,0.08923
0.0858623677801193,1.7527527527527529,0.1085,0.1075689324364888,0.0859288446251971,0.0887
0.0855614320208097,1.7547547547547548,0.10846,0.1073361533269204,0.0857723009643622,0.0886
0.0852612092712037,1.7567567567567568,0.1081,0.1071033742173521,0.0852855479212518,0.08826
0.0849616994318187,1.7587587587587588,0.108,0.1068705951077839,0.0850278268408775,0.0878
0.0846629023949641,1.7607607607607607,0.1078,0.1066378159982156,0.0847827205866323,0.0879
0.0843648180447726,1.762762762762763,0.1076,0.1064050368886473,0.0845202850793775,0.08746
0.08406744625723,1.7647647647647648,0.10724,0.106172257779079,0.0841066745212736,0.08673
0.0837707869002065,1.7667667667667668,0.107,0.1059394786695107,0.0836880712990405,0.08655
0.0834748398334868,1.7687687687687688,0.1068,0.1057066995599424,0.0835370955489407,0.0864
0.0831796049088016,1.7707707707707707,0.10657,0.1054739204503741,0.0832417608793694,0.08624
0.0828850819698577,1.772772772772773,0.10645,0.1052411413408058,0.0829087861707479,0.0861
0.0825912708523695,1.7747747747747749,0.10626,0.1050083622312375,0.0826354635020013,0.0851
0.0822981713840895,1.7767767767767768,0.1059,0.1047755831216692,0.0823598005375462,0.08545
0.0820057833848394,1.7787787787787788,0.1058,0.1045428040121009,0.0820935993789149,0.0847
0.0817141066665414,1.7807807807807807,0.1053,0.1043100249025326,0.0817784319949466,0.0839
0.0814231410332488,1.782782782782783,0.1051,0.1040772457929643,0.0814698519342453,0.08453
0.0811328862811774,1.7847847847847849,0.1049,0.103844466683396,0.081164949337327,0.08405
0.0808433421987367,1.7867867867867868,0.1046,0.1036116875738277,0.0809274165610751,0.0838
0.0805545085665611,1.7887887887887888,0.10443,0.1033789084642594,0.0806066406763391,0.0835
0.0802663851575408,1.7907907907907907,0.1042,0.1031461293546911,0.0802981994304728,0.083
0.0799789717368538,1.792792792792793,0.104,0.1029133502451228,0.0800566514470308,0.08295
0.0796922680619966,1.7947947947947949,0.1038,0.1026805711355545,0.0797899176126953,0.0825
0.0794062738828159,1.7967967967967968,0.1034,0.1024477920259862,0.0794579656343385,0.0823
0.0791209889415399,1.7987987987987988,0.1032,0.1022150129164179,0.0791554145485911,0.0818
0.0788364129728101,1.8008008008008007,0.1029,0.1019822338068496,0.0789048458853005,0.0819
0.0785525457037121,1.8028028028028027,0.1027,0.1017494546972813,0.0786208509494658,0.0811
0.0782693868538078,1.8048048048048049,0.1026,0.101516675587713,0.0783120377196441,0.0807
0.0779869361351668,1.8068068068068068,0.1024,0.1012838964781447,0.0780125195107337,0.0805
0.077705193252398,1.8088088088088088,0.1021,0.1010511173685764,0.0777503924332547,0.08093
0.0774241579026809,1.810810810810811,0.10187,0.1008183382590081,0.0774777243358458,0.0804
0.077143829775798,1.8128128128128127,0.1016,0.1005855591494399,0.0772056999282057,0.08
0.0768642085541658,1.8148148148148149,0.1014,0.1003527800398715,0.0769399111883241,0.07935
0.0765852939128672,1.8168168168168168,0.10126,0.1001200009303033,0.0767334577146746,0.079
0.0763070855196826,1.8188188188188188,0.101,0.099887221820735,0.0763325055359326,0.0791
0.0760295830351224,1.820820820820821,0.10065,0.0996544427111666,0.0760715471075675,0.0787
0.0757527861124582,1.8228228228228227,0.1003,0.0994216636015984,0.0758694216631961,0.07825
0.0754766943977552,1.8248248248248249,0.1002,0.09918888449203,0.0754548608158506,0.0783
0.0752013075299038,1.8268268268268268,0.10004,0.0989561053824618,0.0752537578259288,0.0778
0.0749266251406516,1.8288288288288288,0.09973,0.0987233262728935,0.0750091707156108,0.0775
0.0746526468546355,1.830830830830831,0.0994,0.0984905471633252,0.074696645255091,0.07745
0.0743793722894134,1.8328328328328327,0.09924,0.0982577680537569,0.0744314140266013,0.0772
0.0741068010554963,1.834834834834835,0.09894,0.0980249889441886,0.0741641464546993,0.0768
0.0738349327563806,1.8368368368368369,0.09875,0.0977922098346203,0.0738839814753362,0.0766
0.0735637669885798,1.8388388388388388,0.09863,0.097559430725052,0.0736397846915221,0.076
0.0732933033416567,1.840840840840841,0.0983,0.0973266516154837,0.0733502340603253,0.07605
0.0730235413982555,1.8428428428428427,0.09814,0.0970938725059154,0.07308035973844,0.0757
0.0727544807341338,1.844844844844845,0.09784,0.0968610933963471,0.0727815409826306,0.07526
0.0724861209181952,1.8468468468468469,0.09753,0.0966283142867788,0.072523775363486,0.07526
0.0722184615125209,1.8488488488488488,0.0974,0.0963955351772105,0.0723283208759279,0.0746
0.0719515020724018,1.850850850850851,0.09717,0.0961627560676422,0.0721146691748732,0.07465
0.0716852421463716,1.8528528528528527,0.09686,0.0959299769580739,0.0716403275093354,0.07434
0.0714196812762377,1.854854854854855,0.09674,0.0956971978485056,0.0714729541443258,0.07416
0.0711548189971144,1.8568568568568569,0.09644,0.0954644187389373,0.0712370729224128,0.07367
0.0708906548374551,1.8588588588588588,0.09625,0.095231639629369,0.0710467489230984,0.07385
0.0706271883190837,1.860860860860861,0.096,0.0949988605198007,0.0706775956858477,0.07294
0.070364418957228,1.8628628628628627,0.09564,0.0947660814102324,0.0704437097789581,0.07294
0.0701023462605509,1.864864864864865,0.09546,0.0945333023006641,0.0702103252503749,0.0726
0.0698409697311836,1.8668668668668669,0.0953,0.0943005231910958,0.0698231256385783,0.07214
0.0695802888647574,1.8688688688688688,0.09515,0.0940677440815275,0.0696301104101359,0.0719
0.0693203031504358,1.870870870870871,0.0949,0.0938349649719592,0.069388177240534,0.07196
0.0690610120709476,1.8728728728728727,0.0946,0.0936021858623909,0.0692558553242276,0.0716
0.0688024151026183,1.874874874874875,0.0944,0.0933694067528226,0.0688081006333482,0.0712
0.0685445117154032,1.8768768768768769,0.0942,0.0931366276432543,0.0685604016128388,0.0713
0.0682873013729191,1.8788788788788788,0.094,0.092903848533686,0.0684394640279788,0.0705
0.0680307835324773,1.880880880880881,0.09375,0.0926710694241177,0.0680055123768988,0.0702
0.0677749576451152,1.8828828828828827,0.09357,0.0924382903145495,0.0677701038132754,0.07007
0.0675198231556293,1.884884884884885,0.09326,0.0922055112049811,0.0675633410943759,0.0703
0.0672653795026073,1.8868868868868869,0.093,0.0919727320954128,0.0673112760204973,0.0696
0.0670116261184602,1.8888888888888888,0.0927,0.0917399529858445,0.0671132447831586,0.06946
0.0667585624294551,1.890890890890891,0.0926,0.0915071738762762,0.066887935064674,0.06946
0.0665061878557475,1.8928928928928928,0.09247,0.091274394766708,0.0664762265799779,0.06903
0.0662545018114132,1.894894894894895,0.0921,0.0910416156571397,0.0662873310847996,0.0685
0.0660035037044813,1.896896896896897,0.0919,0.0908088365475714,0.0660361953188701,0.0684
0.0657531929369659,1.8988988988988988,0.09174,0.0905760574380031,0.0658358504652601,0.06805
0.0655035689048992,1.900900900900901,0.0913,0.0903432783284347,0.0655187452676245,0.0678
0.065254630998363,1.9029029029029028,0.0912,0.0901104992188665,0.0653520389278305,0.0677
0.0650063786015219,1.904904904904905,0.091,0.0898777201092982,0.0649868608780459,0.0673
0.064758811092655,1.906906906906907,0.09064,0.0896449409997299,0.0647787943944431,0.067
0.0645119278441886,1.9089089089089089,0.09045,0.0894121618901616,0.0645539937104847,0.0666
0.0642657282227282,1.910910910910911,0.0902,0.0891793827805933,0.0643027674631169,0.0662
0.0640202115890914,1.9129129129129128,0.09,0.088946603671025,0.064074341291698,0.06635
0.0637753772983394,1.914914914914915,0.0898,0.0887138245614567,0.0638367290129829,0.0658
0.0635312246998102,1.916916916916917,0.0895,0.0884810454518884,0.0635753220017738,0.0659
0.0632877531371501,1.9189189189189189,0.0893,0.0882482663423201,0.0633390387041438,0.0655
0.0630449619483465,1.920920920920921,0.089,0.0880154872327518,0.0630815709774541,0.0652
0.0628028504657602,1.9229229229229228,0.08875,0.0877827081231835,0.0628902075927222,0.065
0.0625614180161571,1.924924924924925,0.08856,0.0875499290136152,0.0626704086262976,0.06476
0.0623206639207413,1.926926926926927,0.0885,0.0873171499040469,0.0622920648749593,0.06464
0.0620805874951867,1.9289289289289289,0.0882,0.0870843707944786,0.0621335262133384,0.06396
0.0618411880496693,1.930930930930931,0.088,0.0868515916849103,0.0619251063843583,0.0642
0.0616024648888998,1.9329329329329328,0.0877,0.086618812575342,0.0616288528115096,0.0637
0.0613644173121553,1.934934934934935,0.0874,0.0863860334657737,0.0614097273299163,0.06366
0.0611270446133119,1.936936936936937,0.0873,0.0861532543562054,0.061169879608365,0.063
0.0608903460808769,1.9389389389389389,0.0869,0.0859204752466371,0.0609425140838569,0.0633
0.0606543209980202,1.940940940940941,0.08673,0.0856876961370688,0.0607040073489805,0.0625
0.0604189686426077,1.9429429429429428,0.0864,0.0854549170275005,0.0604543588631984,0.06223
0.060184288287232,1.944944944944945,0.0861,0.0852221379179322,0.060231284787025,0.0626
0.0599502791992459,1.946946946946947,0.086,0.0849893588083639,0.0600135622471375,0.06174
0.0597169406407932,1.9489489489489489,0.0857,0.0847565796987956,0.0597567153689493,0.0619
0.0594842718688418,1.950950950950951,0.0855,0.0845238005892273,0.0595262459355526,0.06128
0.059252272135215,1.9529529529529528,0.0852,0.084291021479659,0.0593080456461545,0.06113
0.0590209406866238,1.954954954954955,0.08496,0.0840582423700907,0.0591135868364963,0.0607
0.0587902767646991,1.956956956956957,0.08484,0.0838254632605224,0.058917375501947,0.06076
0.0585602796060234,1.9589589589589589,0.08466,0.0835926841509542,0.0586389382291376,0.0606
0.0583309484421626,1.960960960960961,0.08435,0.0833599050413858,0.0583198345975637,0.05997
0.0581022824996984,1.9629629629629628,0.0842,0.0831271259318176,0.0581276483278449,0.0604
0.0578742810002596,1.964964964964965,0.0839,0.0828943468222493,0.0578767070124647,0.05954
0.0576469431605548,1.966966966966967,0.08374,0.0826615677126809,0.0576901903798229,0.05963
0.0574202681924031,1.968968968968969,0.08344,0.0824287886031127,0.0574837835527727,0.05927
0.057194255302767,1.970970970970971,0.08325,0.0821960094935443,0.057307407348864,0.05896
0.0569689036937837,1.9729729729729728,0.08295,0.0819632303839761,0.0570751426402196,0.05856
0.0567442125627966,1.974974974974975,0.08276,0.0817304512744078,0.0567377819383957,0.0581
0.0565201811023877,1.976976976976977,0.0825,0.0814976721648395,0.0565158980816977,0.0581
0.0562968085004085,1.978978978978979,0.08234,0.0812648930552712,0.0563236922021414,0.05817
0.0560740939400125,1.980980980980981,0.082,0.0810321139457029,0.0561320588919057,0.05768
0.0558520365996863,1.9829829829829828,0.0817,0.0807993348361346,0.0559187654960574,0.05765
0.0556306356532812,1.984984984984985,0.08154,0.0805665557265663,0.0557437601730061,0.05725
0.0554098902700451,1.986986986986987,0.08124,0.080333776616998,0.0556686406526138,0.05737
0.0551897996146537,1.988988988988989,0.08105,0.0801009975074297,0.0551225460631203,0.05698
0.0549703628472423,1.990990990990991,0.0809,0.0798682183978614,0.0548765273264978,0.05667
0.0547515791234369,1.992992992992993,0.08057,0.0796354392882931,0.0547627204720459,0.0565
0.0545334475943863,1.994994994994995,0.0803,0.0794026601787248,0.0546055744467978,0.05603
0.0543159674067925,1.996996996996997,0.08014,0.0791698810691565,0.0544031935599704,0.05585
0.0540991377029432,1.998998998998999,0.07996,0.0789371019595882,0.0542122790159384,0.0561
0.0538829576207422,2.001001001001001,0.0796,0.0787043228500199,0.0537602796753893,0.05548
0.0536674262937412,2.003003003003003,0.07935,0.0784715437404516,0.0536611352214308,0.05496
0.0534525428511709,2.005005005005005,0.07916,0.0782387646308833,0.0534977589641307,0.05505
0.0532383064179722,2.007007007007007,0.07886,0.078005985521315,0.0532962342958088,0.0548
0.0530247161148276,2.009009009009009,0.0787,0.0777732064117467,0.0530633043942249,0.05414
0.0528117710581918,2.011011011011011,0.07837,0.0775404273021784,0.0528374597890817,0.0545
0.0525994703603235,2.013013013013013,0.07825,0.0773076481926101,0.0526611534312112,0.0539
0.0523878131293159,2.015015015015015,0.0779,0.0770748690830418,0.0523985309486182,0.0538
0.0521767984691279,2.017017017017017,0.0777,0.0768420899734735,0.0522169618292551,0.05402
0.0519664254796152,2.019019019019019,0.07745,0.0766093108639053,0.0520022529735204,0.0536
0.0517566932565611,2.021021021021021,0.0773,0.0763765317543369,0.0518364619311366,0.0533
0.0515476008917073,2.023023023023023,0.0771,0.0761437526447686,0.0515937482880541,0.0529
0.051339147472785,2.025025025025025,0.0767,0.0759109735352003,0.05138728317677,0.05255
0.0511313320835454,2.027027027027027,0.0766,0.075678194425632,0.0512480018084554,0.05234
0.0509241538037907,2.029029029029029,0.0763,0.0754454153160638,0.050883004514348,0.05264
0.0507176117094047,2.031031031031031,0.0761,0.0752126362064954,0.050742485715206,0.0524
0.0505117048723834,2.033033033033033,0.0759,0.0749798570969272,0.0505653421232612,0.05167
0.0503064323608658,2.035035035035035,0.0757,0.0747470779873588,0.0503393900009082,0.0522
0.0501017932391642,2.037037037037037,0.0755,0.0745142988777905,0.0501325776974022,0.0517
0.0498977865677951,2.039039039039039,0.0754,0.0742815197682223,0.0499692837701355,0.05148
0.0496944114035091,2.041041041041041,0.075,0.074048740658654,0.0497861321669161,0.05084
0.0494916667993222,2.043043043043043,0.0748,0.0738159615490857,0.0496847025159297,0.05072
0.0492895518045451,2.045045045045045,0.07465,0.0735831824395174,0.0492600332425061,0.05078
0.0490880654648143,2.047047047047047,0.0746,0.0733504033299491,0.0490482204061783,0.0502
0.0488872068221224,2.049049049049049,0.0742,0.0731176242203808,0.0489678769491016,0.05014
0.0486869749148476,2.051051051051051,0.0741,0.0728848451108125,0.04884164310456,0.05014
0.0484873687777846,2.053053053053053,0.0737,0.0726520660012442,0.0487576752780546,0.04977
0.0482883874421745,2.055055055055055,0.07355,0.0724192868916759,0.0486362575430923,0.04956
0.0480900299357348,2.057057057057057,0.0733,0.0721865077821076,0.047870198180139,0.0497
0.0478922952826894,2.059059059059059,0.07294,0.0719537286725393,0.0476346738898905,0.04953
0.0476951825037985,2.061061061061061,0.07275,0.071720949562971,0.0476030857029601,0.0489
0.047498690616389,2.063063063063063,0.0725,0.0714881704534027,0.0475048083209437,0.04935
0.0473028186343836,2.065065065065065,0.0723,0.0712553913438344,0.0473499826090357,0.04837
0.047107565568331,2.067067067067067,0.07214,0.0710226122342661,0.0471624157335162,0.0483
0.0469129304254359,2.069069069069069,0.072,0.0707898331246978,0.0470358407000427,0.04797
0.046718912209588,2.071071071071071,0.07166,0.0705570540151295,0.0467133997563052,0.04816
0.0465255099213925,2.073073073073073,0.0715,0.0703242749055612,0.0465353521743742,0.04797
0.0463327225581989,2.075075075075075,0.07117,0.0700914957959929,0.0463675286497612,0.04788
0.0461405491141307,2.077077077077077,0.07104,0.0698587166864246,0.0461925279208683,0.04764
0.0459489885801155,2.079079079079079,0.0708,0.0696259375768563,0.0459816701314198,0.04736
0.0457580399439133,2.081081081081081,0.07025,0.069393158467288,0.0458077844015606,0.0464
0.0455677021901468,2.083083083083083,0.06995,0.0691603793577197,0.0456458749917861,0.0464
0.0453779743003302,2.085085085085085,0.06976,0.0689276002481514,0.0455851251076931,0.0459
0.0451888552528987,2.0870870870870872,0.0696,0.0686948211385831,0.0451310672996902,0.04654
0.0450003440232372,2.089089089089089,0.06946,0.0684620420290148,0.0449235276221153,0.04623
0.0448124395837099,2.091091091091091,0.06915,0.0682292629194465,0.044818246277878,0.04535
0.0446251409036892,2.093093093093093,0.06903,0.0679964838098783,0.0446496046713595,0.04587
0.0444384469495844,2.095095095095095,0.06866,0.0677637047003099,0.0445244471549994,0.04538
0.0442523566848712,2.097097097097097,0.06854,0.0675309255907416,0.044412737905697,0.04507
0.0440668690701199,2.0990990990990994,0.06824,0.0672981464811733,0.04404716961541,0.04495
0.0438819830630246,2.101101101101101,0.0679,0.067065367371605,0.0438121587219725,0.04498
0.043697697618432,2.103103103103103,0.0677,0.0668325882620368,0.0437162940895853,0.04434
0.0435140116883695,2.105105105105105,0.06757,0.0665998091524684,0.04353801045705,0.04462
0.0433309242220748,2.1071071071071072,0.06726,0.0663670300429001,0.0434042787536891,0.04434
0.0431484341660232,2.109109109109109,0.067,0.0661342509333318,0.0432527279579837,0.0437
0.0429665404639572,2.111111111111111,0.0669,0.0659014718237636,0.0429322902349421,0.04376
0.0427852420569142,2.113113113113113,0.0666,0.0656686927141953,0.0427871441653494,0.04385
0.0426045378832551,2.115115115115115,0.0664,0.065435913604627,0.0426479543703896,0.04355
0.0424244268786927,2.1171171171171173,0.06604,0.0652031344950586,0.0425037765380301,0.04312
0.0422449079763195,2.1191191191191194,0.0659,0.0649703553854903,0.0423564994727486,0.04297
0.0420659801066365,2.121121121121121,0.0657,0.0647375762759221,0.0420376348713438,0.04285
0.0418876421975804,2.123123123123123,0.06555,0.0645047971663538,0.0418913384676034,0.04254
0.0417098931745524,2.125125125125125,0.0652,0.0642720180567855,0.0417294984806595,0.0427
0.0415327319604458,2.1271271271271277,0.065,0.0640392389472172,0.0415894646524009,0.042
0.0413561574756739,2.129129129129129,0.0647,0.0638064598376488,0.0414128195437016,0.04224
0.0411801686381978,2.131131131131131,0.0645,0.0635736807280806,0.0412049883548702,0.04214
0.0410047643635542,2.133133133133133,0.06445,0.0633409016185123,0.0410014021034853,0.04175
0.040829943564883,2.135135135135135,0.0641,0.063108122508944,0.040854505856493,0.0419
0.0406557051529547,2.1371371371371373,0.06396,0.0628753433993757,0.0406993345659126,0.04135
0.0404820480361984,2.1391391391391394,0.06366,0.0626425642898074,0.0405655138107676,0.04132
0.0403089711207291,2.141141141141141,0.0635,0.0624097851802391,0.040406166526192,0.041
0.0401364733103747,2.143143143143143,0.06323,0.0621770060706708,0.0401091337965669,0.04114
0.0399645535067037,2.145145145145145,0.063,0.0619442269611025,0.0399956202875797,0.0407
0.0397932106090522,2.1471471471471477,0.06274,0.0617114478515342,0.0398327518879621,0.04016
0.0396224435145515,2.149149149149149,0.0626,0.0614786687419659,0.0396362600836647,0.04044
0.0394522511181547,2.151151151151151,0.06226,0.0612458896323976,0.0394778775101698,0.04034
0.039282632312664,2.153153153153153,0.06204,0.0610131105228293,0.0393115305380166,0.0402
0.0391135859887575,2.155155155155155,0.0619,0.060780331413261,0.039188057968204,0.04
0.0389451110350162,2.1571571571571573,0.06155,0.0605475523036927,0.039033003205925,0.03995
0.0387772063379508,2.1591591591591595,0.0614,0.0603147731941244,0.0387589873659837,0.03973
0.0386098707820284,2.161161161161161,0.06094,0.0600819940845561,0.0386484830590259,0.039
0.0384431032496991,2.163163163163163,0.0608,0.0598492149749879,0.0384799338548227,0.03912
0.0382769026214225,2.165165165165165,0.06052,0.0596164358654195,0.0383451977410069,0.03897
0.0381112677756945,2.1671671671671677,0.06018,0.0593836567558512,0.0382656754013011,0.03876
0.0379461975890737,2.169169169169169,0.06003,0.0591508776462829,0.0379138657987119,0.0384
0.0377816909362074,2.171171171171171,0.0597,0.0589180985367147,0.0377360342422716,0.0379
0.0376177466898581,2.173173173173173,0.0595,0.0586853194271463,0.0376228781664112,0.03824
0.0374543637209298,2.175175175175175,0.0594,0.058452540317578,0.0374839405064879,0.03793
0.037291540898494,2.1771771771771773,0.05923,0.0582197612080097,0.0373535814221707,0.0376
0.0371292770898159,2.1791791791791795,0.0589,0.0579869820984414,0.0372837571175049,0.03772
0.03696757116038,2.181181181181181,0.0587,0.0577542029888731,0.0369181441135176,0.03702
0.0368064219739166,2.183183183183183,0.05838,0.0575214238793049,0.036745485229865,0.03714
0.0366458283924269,2.185185185185185,0.05823,0.0572886447697366,0.0366764132305678,0.0369
0.0364857892762094,2.1871871871871877,0.05795,0.0570558656601682,0.0365338619337719,0.03653
0.0363263034838851,2.189189189189189,0.05768,0.0568230865505999,0.0363790774880281,0.03644
0.0361673698724234,2.191191191191191,0.0575,0.0565903074410317,0.0362566152193555,0.0363
0.0360089872971674,2.193193193193193,0.05716,0.0563575283314634,0.0359965752654475,0.036
0.0358511546118593,2.195195195195195,0.057,0.0561247492218951,0.0358686316036892,0.03607
0.035693870668666,2.1971971971971973,0.05682,0.0558919701123268,0.0357537425519868,0.036
0.0355371343182041,2.1991991991991995,0.05664,0.0556591910027585,0.0356377025711938,0.03574
0.0353809444095653,2.201201201201201,0.0563,0.0554264118931902,0.0354312799754584,0.03586
0.0352252997903412,2.203203203203203,0.05615,0.0551936327836219,0.035322191842929,0.03528
0.0350701993066488,2.205205205205205,0.05594,0.0549608536740536,0.0350458339596601,0.03503
0.0349156418031548,2.2072072072072078,0.0557,0.0547280745644853,0.0349453219627195,0.03482
0.0347616261231012,2.209209209209209,0.05545,0.0544952954549169,0.0348159154135675,0.03506
0.0346081511083296,2.2112112112112112,0.05527,0.0542625163453487,0.0345701006280801,0.03455
0.0344552155993059,2.213213213213213,0.0551,0.0540297372357804,0.03446452094417,0.0344
0.0343028184351452,2.215215215215215,0.05478,0.0537969581262121,0.0343272718267647,0.0344
0.0341509584536362,2.2172172172172173,0.0546,0.0535641790166438,0.0341905118127495,0.03403
0.0339996344912656,2.2192192192192195,0.05447,0.0533313999070755,0.0340254558619218,0.03445
0.0338488453832424,2.221221221221221,0.05432,0.0530986207975072,0.0338745702935621,0.03418
0.0336985899635225,2.223223223223223,0.05396,0.052865841687939,0.0337362284997351,0.03412
0.0335488670648327,2.225225225225225,0.0538,0.0526330625783706,0.0336058574564626,0.0339
0.0333996755186946,2.2272272272272278,0.05347,0.0524002834688023,0.0334804723042152,0.03348
0.0332510141554494,2.229229229229229,0.0533,0.052167504359234,0.033261669344109,0.03317
0.0331028818042809,2.2312312312312312,0.05313,0.0519347252496657,0.0331385920845378,0.0333
0.03295527729324,2.233233233233233,0.0528,0.0517019461400974,0.0329938229759387,0.03326
0.0328081994492684,2.235235235235235,0.05258,0.0514691670305291,0.0328893235624552,0.0329
0.0326616470982222,2.2372372372372373,0.0524,0.0512363879209608,0.0326487040274295,0.03265
0.0325156190648954,2.2392392392392395,0.0521,0.0510036088113925,0.032555183026887,0.0321
0.032370114173044,2.241241241241241,0.05173,0.0507708297018242,0.0324270176464087,0.0325
0.0322251312454088,2.243243243243243,0.0514,0.050538050592256,0.0322993487081593,0.0318
0.0320806691037389,2.245245245245245,0.0512,0.0503052714826877,0.0320809395821632,0.03204
0.0319367265688155,2.247247247247248,0.051,0.0500724923731193,0.0319657176159796,0.03192
0.0317933024604745,2.249249249249249,0.0508,0.049839713263551,0.0318322548761325,0.03165
0.03165039559763,2.2512512512512517,0.05063,0.0496069341539828,0.0317135171549043,0.03116
0.031508004798297,2.253253253253253,0.05032,0.0493741550444145,0.0315782089549749,0.03111
0.0313661288796146,2.255255255255255,0.05002,0.0491413759348461,0.0313211291033037,0.0312
0.031224766657869,2.2572572572572573,0.0498,0.0489085968252778,0.0312207000216824,0.03099
0.0310839169485157,2.2592592592592595,0.04953,0.0486758177157095,0.0311121636012882,0.03119
0.030943578566203,2.2612612612612613,0.0494,0.0484430386061413,0.0309646956655825,0.03038
0.0308037503247938,2.263263263263263,0.04922,0.048210259496573,0.0308499598796857,0.03035
0.0306644310373886,2.265265265265265,0.04892,0.0479774803870047,0.0306854355851744,0.03032
0.0305256195163479,2.267267267267268,0.0487,0.0477447012774364,0.0305520646856845,0.03014
0.0303873145733143,2.269269269269269,0.0484,0.047511922167868,0.030451036222129,0.02971
0.0302495150192353,2.2712712712712717,0.04822,0.0472791430582998,0.0303931141868654,0.02966
0.0301122196643845,2.273273273273273,0.04803,0.0470463639487315,0.0300785752445749,0.03004
0.0299754273183846,2.275275275275275,0.04782,0.0468135848391632,0.029927931342964,0.02972
0.0298391367902292,2.2772772772772774,0.04755,0.0465808057295949,0.0298583777240856,0.02959
0.0297033468883043,2.2792792792792795,0.04733,0.0463480266200266,0.0297156881058398,0.02902
0.0295680564204106,2.2812812812812813,0.047,0.0461152475104583,0.0295911651862213,0.02911
0.029433264193785,2.283283283283283,0.04684,0.04588246840089,0.0294468626362781,0.02924
0.0292989690151221,2.285285285285285,0.04666,0.0456496892913217,0.0293500905799668,0.02878
0.0291651696905961,2.287287287287288,0.04636,0.0454169101817534,0.0293192964831997,0.02864
0.0290318650258822,2.289289289289289,0.04617,0.0451841310721851,0.0289911478643146,0.02863
0.0288990538261776,2.2912912912912917,0.0459,0.0449513519626168,0.0288634951345141,0.02861
0.0287667348962235,2.293293293293293,0.04575,0.0447185728530485,0.0287853972383807,0.02843
0.0286349070403254,2.295295295295295,0.04553,0.0444857937434802,0.0286666632485464,0.02818
0.0285035690623752,2.2972972972972974,0.0453,0.0442530146339119,0.0285878016764225,0.02788
0.0283727197658714,2.2992992992992995,0.04495,0.0440202355243436,0.0285092179585696,0.02786
0.0282423579539405,2.3013013013013013,0.04474,0.0437874564147753,0.0282496207703936,0.0281
0.0281124824293577,2.303303303303303,0.04443,0.0435546773052071,0.0280585894842521,0.02794
0.0279830919945679,2.305305305305305,0.04437,0.0433218981956388,0.0280261977623244,0.02734
0.0278541854517058,2.307307307307308,0.04416,0.0430891190860704,0.0278133114516017,0.02771
0.0277257616026171,2.3093093093093096,0.04385,0.0428563399765021,0.0277503644098658,0.0269
0.0275978192488789,2.3113113113113117,0.04364,0.0426235608669338,0.027621036152267,0.02725
0.0274703571918196,2.313313313313313,0.04352,0.0423907817573656,0.0275432551319865,0.02681
0.0273433742325399,2.315315315315315,0.04315,0.0421580026477972,0.0273550995356104,0.02669
0.0272168691719325,2.3173173173173174,0.043,0.0419252235382289,0.0272284691660468,0.02678
0.0270908408107025,2.31931931931932,0.0428,0.0416924444286606,0.0271313792981287,0.02666
0.0269652879493875,2.3213213213213213,0.04227,0.0414596653190924,0.0270446616940396,0.02597
0.0268402093883775,2.323323323323323,0.04193,0.0412268862095241,0.0268705358063479,0.02556
0.0267156039279345,2.325325325325325,0.04178,0.0409941070999558,0.0267619816627015,0.02582
0.0265914703682127,2.3273273273273274,0.04156,0.0407613279903875,0.0265817374497589,0.02574
0.026467807509278,2.3293293293293296,0.0414,0.0405285488808191,0.0264740751383649,0.02583
0.0263446141511276,2.3313313313313317,0.04108,0.0402957697712509,0.026371749494973,0.02565
0.0262218890937095,2.333333333333333,0.0409,0.0400629906616826,0.0262636764443233,0.02534
0.0260996311369419,2.335335335335335,0.04065,0.0398302115521143,0.0261633500636609,0.02548
0.0259778390807327,2.3373373373373374,0.04047,0.0395974324425459,0.0260707317008416,0.02512
0.0258565117249986,2.33933933933934,0.04028,0.0393646533329776,0.0258691030140216,0.02496
0.0257356478696843,2.3413413413413413,0.03983,0.0391318742234094,0.025768650770975,0.02527
0.0256152463147814,2.343343343343343,0.0397,0.0388990951138411,0.0255986344683557,0.02489
0.0254953058603477,2.345345345345345,0.03937,0.0386663160042728,0.0255134119636634,0.02489
0.0253758253065257,2.3473473473473474,0.03915,0.0384335368947045,0.0254046154946268,0.02455
0.025256803453562,2.3493493493493496,0.039,0.0382007577851362,0.0252771792578877,0.02432
0.025138239101825,2.3513513513513518,0.03894,0.0379679786755679,0.0251881873209214,0.02397
0.0250201310518246,2.353353353353353,0.03857,0.0377351995659996,0.0250959805478142,0.02383
0.0249024781042301,2.3553553553553552,0.03842,0.0375024204564313,0.0250783139938526,0.02422
0.0247852790598886,2.3573573573573574,0.03806,0.037269641346863,0.0248765274958497,0.02417
0.0246685327198438,2.35935935935936,0.0379,0.0370368622372947,0.0245772332129547,0.02412
0.0245522378853537,2.3613613613613613,0.0377,0.0368040831277264,0.0245050566884825,0.0239
0.0244363933579091,2.363363363363363,0.0373,0.0365713040181581,0.0244251046940885,0.02344
0.0243209979392518,2.365365365365365,0.03717,0.0363385249085898,0.0243258017108934,0.0236
0.0242060504313921,2.3673673673673674,0.03683,0.0361057457990215,0.0242107777946923,0.02371
0.0240915496366271,2.3693693693693696,0.03668,0.0358729666894532,0.0241145121677808,0.02327
0.0239774943575584,2.3713713713713718,0.0365,0.0356401875798849,0.0240106282217335,0.02293
0.0238638833971097,2.373373373373373,0.03632,0.0354074084703167,0.0239014903095403,0.02289
0.0237507155585445,2.3753753753753752,0.036,0.0351746293607483,0.0238233863453526,0.02263
0.0236379896454838,2.3773773773773774,0.03583,0.03494185025118,0.0236867532078517,0.02225
0.0235257044619232,2.37937937937938,0.0356,0.0347090711416117,0.0235822077705752,0.02208
0.0234138588122504,2.3813813813813813,0.0354,0.0344762920320435,0.023396375714207,0.0225
0.0233024515012627,2.383383383383383,0.03525,0.0342435129224752,0.0232927131194495,0.02179
0.0231914813341838,2.385385385385385,0.03497,0.0340107338129069,0.0232383242171743,0.02194
0.0230809471166809,2.3873873873873874,0.03467,0.0337779547033385,0.023067865679623,0.0218
0.0229708476548822,2.3893893893893896,0.03445,0.0335451755937702,0.022990734963787,0.02171
0.022861181755393,2.391391391391392,0.03418,0.0333123964842019,0.0228908738654734,0.0218
0.0227519482253133,2.393393393393393,0.03397,0.0330796173746337,0.0228012198628548,0.0217
0.0226431458722539,2.3953953953953957,0.03387,0.0328468382650654,0.0226890794239369,0.02145
0.0225347735043533,2.397397397397397,0.03354,0.032614059155497,0.0225208395457181,0.02132
0.0224268299302944,2.3993993993994,0.03336,0.0323812800459287,0.0224484785333704,0.02126
0.0223193139593206,2.4014014014014013,0.03302,0.0321485009363605,0.0223001358900627,0.0213
0.0222122244012524,2.403403403403403,0.03284,0.0319157218267922,0.0222080980088992,0.0208
0.0221055600665035,2.4054054054054053,0.03265,0.0316829427172239,0.0221173948521632,0.02122
0.0219993197660972,2.4074074074074074,0.0323,0.0314501636076556,0.0220217148696946,0.02058
0.0218935023116822,2.4094094094094096,0.0321,0.0312173844980873,0.0219052054804232,0.02048
0.0217881065155489,2.411411411411412,0.0318,0.030984605388519,0.0218208508111776,0.02095
0.0216831311906453,2.413413413413413,0.03162,0.0307518262789507,0.0217052640943057,0.02042
0.0215785751505923,2.4154154154154157,0.03146,0.0305190471693824,0.0215943338974544,0.02013
0.0214744372097001,2.417417417417417,0.0311,0.0302862680598141,0.0214901162806756,0.02022
0.0213707161829836,2.41941941941942,0.03093,0.0300534889502457,0.0213925267589083,0.01999
0.0212674108861778,2.4214214214214214,0.03069,0.0298207098406775,0.0212974150578668,0.01991
0.0211645201357533,2.423423423423423,0.0305,0.0295879307311092,0.0211872181645336,0.01965
0.021062042748932,2.4254254254254253,0.03032,0.0293551516215409,0.0211133600405737,0.01958
0.0209599775437018,2.4274274274274275,0.03015,0.0291223725119726,0.0210623142101868,0.01944
0.0208583233388324,2.4294294294294296,0.02974,0.0288895934024043,0.0208669973696031,0.01952
0.02075707895389,2.431431431431432,0.02954,0.028656814292836,0.0207383330782842,0.01974
0.0206562432092525,2.433433433433433,0.02924,0.0284240351832678,0.0206848276822032,0.01958
0.0205558149261243,2.4354354354354357,0.02905,0.0281912560736994,0.0205470772545562,0.0192
0.0204557929265513,2.437437437437437,0.02893,0.0279584769641311,0.0204469810880317,0.01913
0.0203561760334354,2.43943943943944,0.02864,0.0277256978545628,0.0203562849301038,0.01881
0.0202569630705495,2.4414414414414414,0.02846,0.0274929187449945,0.020298701018607,0.01881
0.0201581528625518,2.443443443443443,0.02829,0.0272601396354262,0.0201958975630239,0.01854
0.0200597442350004,2.4454454454454453,0.02794,0.0270273605258579,0.0200470953186043,0.01863
0.0199617360143675,2.4474474474474475,0.02776,0.0267945814162896,0.0199804254578856,0.01822
0.019864127028054,2.4494494494494496,0.0276,0.0265618023067213,0.0198963818038731,0.01843
0.0197669161044037,2.4514514514514514,0.02722,0.026329023197153,0.0197815572884722,0.01836
0.0196701020727171,2.453453453453453,0.02704,0.0260962440875848,0.0196962933636494,0.01802
0.0195736837632657,2.4554554554554557,0.02673,0.0258634649780165,0.0195862852760449,0.01787
0.0194776600073059,2.457457457457457,0.02654,0.0256306858684481,0.0194921422012104,0.01791
0.019382029637093,2.45945945945946,0.02637,0.0253979067588798,0.0194117299975333,0.01802
0.0192867914858947,2.4614614614614614,0.0262,0.0251651276493116,0.019297338130428,0.01779
0.019191944388005,2.463463463463463,0.02583,0.0249323485397433,0.0192185561598769,0.01772
0.0190974871787575,2.4654654654654653,0.02576,0.024699569430175,0.0191041964345002,0.01735
0.0190034186945396,2.4674674674674675,0.02542,0.0244667903206066,0.0190260494476483,0.01709
0.0189097377728049,2.4694694694694697,0.02527,0.0242340112110383,0.0189257253769028,0.01733
0.0188164432520876,2.4714714714714714,0.02509,0.02400123210147,0.0188370066287394,0.01729
0.018723533972015,2.4734734734734736,0.02467,0.0237684529919017,0.0187616921055244,0.01726
0.018631008773321,2.4754754754754758,0.02449,0.0235356738823335,0.0186709861978279,0.01753
0.0185388664978589,2.477477477477477,0.02414,0.0233028947727652,0.0185537852910425,0.01689
0.0184471059886148,2.47947947947948,0.024,0.0230701156631968,0.018496878111555,0.01675
0.0183557260897203,2.4814814814814814,0.0237,0.0228373365536286,0.0184273628828826,0.01637
0.0182647256464652,2.483483483483484,0.0234,0.0226045574440603,0.0182325141061367,0.0162
0.0181741035053102,2.4854854854854853,0.0232,0.022371778334492,0.0181381261623207,0.0161
0.0180838585138999,2.4874874874874875,0.02293,0.0221389992249237,0.0180966018984779,0.01637
0.0179939895210751,2.4894894894894897,0.0227,0.0219062201153554,0.0180066685604152,0.016
0.0179044953768851,2.4914914914914914,0.02257,0.0216734410057871,0.0179331970435589,0.01611
0.0178153749326004,2.4934934934934936,0.02232,0.0214406618962188,0.0178306037015343,0.01613
0.0177266270407249,2.4954954954954958,0.02203,0.0212078827866505,0.0177497610552102,0.01595
0.0176382505550081,2.497497497497497,0.02171,0.0209751036770822,0.0176754502396039,0.01572
0.0175502443304572,2.4994994994995,0.02153,0.0207423245675139,0.0175935483281715,0.01581
0.017462607223349,2.5015015015015014,0.02133,0.0205095454579456,0.017454870844881,0.01567
0.0173753380912422,2.503503503503504,0.02116,0.0202767663483773,0.0174033451452584,0.0152
0.0172884357929891,2.5055055055055053,0.02081,0.020043987238809,0.0173241682208493,0.015465
0.0172018991887471,2.5075075075075075,0.02074,0.0198112081292407,0.0172531565299367,0.015274
0.0171157271399909,2.5095095095095097,0.02042,0.0195784290196724,0.0170987035926251,0.015045
0.0170299185095238,2.5115115115115114,0.02026,0.0193456499101041,0.0170437747008247,0.0154
0.0169444721614894,2.5135135135135136,0.02002,0.0191128708005358,0.0169727816392752,0.01484
0.0168593869613827,2.5155155155155158,0.01987,0.0188800916909676,0.0168722793582181,0.015076
0.016774661776062,2.517517517517517,0.01947,0.0186473125813992,0.0167934198954962,0.014496
0.0166902954737598,2.51951951951952,0.01929,0.0184145334718309,0.0166996760396247,0.01517
0.0166062869240939,2.521521521521521,0.01901,0.0181817543622626,0.0166357793436112,0.01474
0.0165226349980789,2.523523523523524,0.01888,0.0179489752526943,0.0165822022054942,0.01437
0.016439338568137,2.5255255255255253,0.01866,0.017716196143126,0.0164395407506348,0.014145
0.0163563965081088,2.5275275275275275,0.01833,0.0174834170335577,0.0163574060615889,0.01412
0.0162738076932645,2.5295295295295297,0.01816,0.0172506379239894,0.0163276739534502,0.014336
0.0161915710003144,2.5315315315315314,0.01785,0.0170178588144211,0.0162057794897769,0.01436
0.0161096853074197,2.5335335335335336,0.01764,0.0167850797048528,0.016109940496128,0.01424
0.016028149494203,2.535535535535536,0.01752,0.0165523005952846,0.0160503978225079,0.014114
0.015946962441759,2.537537537537537,0.0174,0.0163195214857163,0.0159308849696342,0.01411
0.0158661230326648,2.53953953953954,0.01697,0.0160867423761479,0.0158758791838548,0.014084
0.0157856301509905,2.541541541541541,0.01675,0.0158539632665797,0.0158074012690488,0.01411
0.015705482682309,2.543543543543544,0.01642,0.0156211841570114,0.0157143712180402,0.0136
0.0156256795137067,2.5455455455455454,0.01624,0.0153884050474431,0.0156417053755365,0.01393
0.0155462195337932,2.5475475475475475,0.01602,0.0151556259378747,0.0155597927253875,0.01354
0.0154671016327118,2.5495495495495497,0.01575,0.0149228468283064,0.0154829695945112,0.01366
0.0153883247021491,2.5515515515515514,0.01562,0.0146900677187382,0.0154120020189757,0.01326
0.0153098876353447,2.5535535535535536,0.01532,0.0144572886091698,0.0153146785159319,0.01291
0.0152317893271016,2.555555555555556,0.01514,0.0142245094996016,0.0152474528839079,0.01331
0.0151540286737954,2.557557557557557,0.0149,0.0139917303900333,0.0151797234108143,0.01294
0.0150766045733839,2.55955955955956,0.01474,0.013758951280465,0.0150828622594223,0.013054
0.0149995159254171,2.561561561561561,0.01417,0.0135261721708967,0.0150211509658502,0.01269
0.0149227616310462,2.563563563563564,0.013916,0.0132933930613284,0.0149443328919159,0.013176
0.0148463405930332,2.5655655655655654,0.013725,0.0130606139517601,0.0148525439376431,0.012695
0.0147702517157602,2.5675675675675675,0.01357,0.0128278348421918,0.0147893402578766,0.01274
0.0146944939052386,2.5695695695695697,0.01325,0.0125950557326235,0.0147134993528151,0.01219
0.0146190660691182,2.5715715715715715,0.01304,0.0123622766230552,0.0146342109117736,0.01221
0.0145439671166962,2.5735735735735736,0.012886,0.0121294975134869,0.0145695762187657,0.012405
0.0144691959589265,2.575575575575576,0.01256,0.0118967184039186,0.0145216765037061,0.01205
0.0143947515084282,2.5775775775775776,0.012405,0.0116639392943503,0.0143755327015998,0.012344
0.0143206326794946,2.57957957957958,0.0123,0.011431160184782,0.0143332588325933,0.01203
0.0142468383881023,2.581581581581581,0.01196,0.0111983810752137,0.0142638434531134,0.01189
0.0141733675519191,2.583583583583584,0.01165,0.0109656019656454,0.0141866374781152,0.012115
0.0141002190903131,2.5855855855855854,0.01133,0.0107328228560771,0.0141185544648324,0.01186
0.0140273919243614,2.587587587587588,0.01119,0.0105000437465088,0.0140544149898751,0.01162
0.013954884976858,2.5895895895895897,0.01099,0.0102672646369405,0.0139651253311878,0.01191
0.0138826971723226,2.5915915915915915,0.01083,0.0100344855273722,0.0138921769648856,0.01141
0.0138108274370084,2.5935935935935936,0.01071,0.0098017064178039,0.0138195215554064,0.011894
0.0137392746989111,2.5955955955955954,0.01057,0.0095689273082357,0.0137493521512304,0.01196
0.013668037887776,2.5975975975975976,0.01019,0.0093361481986674,0.0136930244793623,0.01127
0.0135971159351069,2.5995995995996,0.01004,0.009103369089099,0.0136369516832151,0.011215
0.0135265077741736,2.601601601601601,0.00987,0.0088705899795307,0.0135839447378805,0.01091
0.0134562123400201,2.603603603603604,0.00956,0.0086378108699624,0.0134628631342563,0.011314
0.013386228569472,2.6056056056056054,0.00923,0.0084050317603942,0.0133934661529975,0.01083
0.0133165554011447,2.607607607607608,0.00902,0.0081722526508258,0.013302760040635,0.0108
0.0132471917754508,2.6096096096096097,0.00881,0.0079394735412575,0.0132590236842897,0.01099
0.0131781366346076,2.611611611611612,0.00865,0.0077066944316892,0.0131878412669108,0.01108
0.013109388922645,2.6136136136136137,0.00847,0.0074739153221209,0.0131266095624158,0.0105
0.0130409475854126,2.6156156156156154,0.00813,0.0072411362125527,0.013047831411067,0.01033
0.012972811570587,2.6176176176176176,0.00794,0.0070083571029844,0.0129810183195578,0.0109
0.0129049798276794,2.61961961961962,0.007656,0.0067755779934161,0.0129219529770022,0.0108
0.0128374513080427,2.621621621621622,0.007477,0.0065427988838477,0.0129118235420372,0.010506
0.0127702249648785,2.623623623623624,0.007324,0.0063100197742795,0.0127719191388472,0.010216
0.0127032997532444,2.6256256256256254,0.00701,0.0060772406647112,0.0126874659473528,0.00988
0.0126366746300606,2.627627627627628,0.00676,0.0058444615551428,0.0126334359953992,0.010185
0.0125703485541172,2.6296296296296298,0.006447,0.0056116824455745,0.0125836614921444,0.010284
0.012504320486081,2.631631631631632,0.00634,0.0053789033360062,0.012529464783059,0.01004
0.0124385893885021,2.6336336336336337,0.006134,0.005146124226438,0.012487348950866,0.009995
0.0123731542258206,2.6356356356356354,0.005947,0.0049133451168697,0.0123707170401987,0.00973
0.0123080139643735,2.6376376376376376,0.005745,0.0046805660073014,0.0123257229103688,0.01021
0.0122431675724007,2.63963963963964,0.005524,0.0044477868977331,0.0122737862188751,0.010056
0.0121786140200522,2.641641641641642,0.005043,0.0042150077881648,0.0122272630768864,0.009674
0.0121143522793939,2.643643643643644,0.00485,0.0039822286785965,0.012153224081925,0.00975
0.0120503813244143,2.6456456456456454,0.004536,0.0037494495690282,0.0120674403493937,0.009796
0.0119867001310305,2.647647647647648,0.004253,0.0035166704594599,0.0119642582036874,0.0099
0.0119233076770946,2.6496496496496498,0.004135,0.0032838913498916,0.0119096139415833,0.009315
0.0118602029423997,2.651651651651652,0.003817,0.0030511122403233,0.0118578416346742,0.009186
0.0117973849086859,2.6536536536536537,0.003649,0.002818333130755,0.0118276888158825,0.00927
0.0117348525596466,2.6556556556556554,0.003473,0.0025855540211867,0.0117312287510963,0.009224
0.0116726048809339,2.6576576576576576,0.003191,0.0023527749116184,0.0116882690291292,0.009186
0.0116106408601648,2.65965965965966,0.003017,0.0021199958020501,0.0116454707701949,0.009155
0.0115489594869269,2.661661661661662,0.00268,0.0018872166924818,0.011549714465324,0.00913
0.011487559752784,2.663663663663664,0.002531,0.0016544375829135,0.0114931811441733,0.00901
0.0114264406512819,2.665665665665665,0.002462,0.0014216584733452,0.0114399483919597,0.00903
0.0113656011779536,2.667667667667668,0.002207,0.0011888793637769,0.0113772220657826,0.00903
0.0113050403303253,2.66966966966967,0.001917,0.0009561002542086,0.0113202333511336,0.008934
0.0112447571079214,2.671671671671672,0.001635,0.0007233211446403,0.0112598917475548,0.00911
0.01118475051227,2.6736736736736737,0.001303,0.000490542035072,0.0112142394589959,0.00855
0.0111250195469082,2.6756756756756754,0.001118,0.0002577629255038,0.0111472710342793,0.00867
0.0110655632173873,2.6776776776776776,0.0009384,2.4983815935519796e-05,0.0110638890644023,0.00828
0.0110063805312778,2.67967967967968,0.000679,-0.0002077952936327,0.0110135533732467,0.008606
0.0109474704981748,2.681681681681682,0.0005302,-0.0004405744032011,0.0109593095741761,0.00885
0.0108888321297027,2.683683683683684,0.0001831,-0.0006733535127694,0.0109017867853726,0.008446
0.0108304644395203,2.685685685685685,1.526e-05,-0.0009061326223376,0.0108404489667073,0.00846
0.0107723664433256,2.687687687687688,-0.0001717,-0.001138911731906,0.010778230044247,0.00819
0.0107145371588606,2.68968968968969,-0.0003204,-0.0013716908414743,0.0107313505276688,0.008156
0.0106569756059162,2.691691691691692,-0.00066,-0.0016044699510426,0.0106990997593097,0.00847
0.0105996808063366,2.6936936936936937,-0.0008736,-0.0018372490606108,0.010599267568952,0.007965
0.0105426517840241,2.6956956956956954,-0.001205,-0.0020700281701791,0.0105610203499367,0.00814
0.0104858875649437,2.6976976976976976,-0.001366,-0.0023028072797474,0.0105001973732111,0.008194
0.0104293871771274,2.6996996996997,-0.001598,-0.0025355863893157,0.0104521345930003,0.00786
0.0103731496506787,2.701701701701702,-0.00193,-0.002768365498884,0.0103603460341995,0.00813
0.0103171740177769,2.703703703703704,-0.002098,-0.0030011446084523,0.0103222483353578,0.007515
0.0102614593126814,2.705705705705705,-0.002415,-0.0032339237180206,0.0102787516973027,0.007744
0.010206004571736,2.707707707707708,-0.002628,-0.0034667028275889,0.0102210188595142,0.007736
0.010150808833373,2.70970970970971,-0.002682,-0.0036994819371573,0.0101596917889587,0.00757
0.0100958711381172,2.711711711711712,-0.002907,-0.0039322610467256,0.0100981174731103,0.007767
0.01004119052859,2.7137137137137137,-0.00322,-0.0041650401562938,0.0100537901491801,0.007446
0.0099867660495134,2.7157157157157155,-0.003471,-0.0043978192658621,0.0100009393895599,0.00728
0.0099325967477137,2.7177177177177176,-0.003822,-0.0046305983754304,0.0099591881988099,0.007248
0.0098786816721258,2.71971971971972,-0.003983,-0.0048633774849987,0.0099073605534168,0.007446
0.0098250198737963,2.721721721721722,-0.004303,-0.005096156594567,0.0098235136458767,0.007248
0.0097716104058879,2.723723723723724,-0.00461,-0.0053289357041353,0.0097807503670864,0.007065
0.0097184523236824,2.725725725725725,-0.00476,-0.0055617148137036,0.0097233067789851,0.00735
0.0096655446845846,2.727727727727728,-0.00508,-0.0057944939232719,0.0096841125318939,0.00685
0.0096128865481262,2.72972972972973,-0.005272,-0.0060272730328402,0.0096393028396164,0.0075
0.0095604769759685,2.731731731731732,-0.00547,-0.0062600521424085,0.0096314311426982,0.007206
0.0095083150319062,2.7337337337337337,-0.005768,-0.0064928312519768,0.0095708769766523,0.006943
0.0094563997818709,2.7357357357357355,-0.005966,-0.0067256103615451,0.0094008471997391,0.006752
0.009404730293934,2.7377377377377377,-0.00628,-0.0069583894711134,0.009372912796925,0.006798
0.0093533056383102,2.73973973973974,-0.00644,-0.0071911685806817,0.009353371427788,0.006744
0.0093021248873605,2.741741741741742,-0.00666,-0.00742394769025,0.0093159728753838,0.006733
0.0092511871155954,2.743743743743744,-0.006783,-0.0076567267998183,0.0092588762572063,0.00682
0.0092004913996778,2.745745745745745,-0.007156,-0.0078895059093865,0.0092101694105653,0.006554
0.0091500368184262,2.747747747747748,-0.007324,-0.0081222850189549,0.0091571437261878,0.00704
0.0090998224528173,2.74974974974975,-0.007614,-0.0083550641285232,0.0091144253821758,0.00656
0.0090498473859892,2.751751751751752,-0.007767,-0.0085878432380915,0.0090593927551438,0.00624
0.009000110703244,2.7537537537537538,-0.00791,-0.0088206223476597,0.0090101127586934,0.006153
0.0089506114920504,2.7557557557557555,-0.00827,-0.009053401457228,0.0089625552109333,0.0065
0.0089013488420468,2.7577577577577577,-0.00843,-0.0092861805667963,0.0089186757502863,0.006454
0.0088523218450435,2.75975975975976,-0.00884,-0.0095189596763646,0.0088794111729363,0.00639
0.0088035295950256,2.761761761761762,-0.00902,-0.009751738785933,0.0087938787491541,0.006104
0.0087549711881551,2.763763763763764,-0.00923,-0.0099845178955013,0.008772984549446,0.0061
0.0087066457227738,2.765765765765765,-0.00931,-0.0102172970050695,0.0087265404597836,0.00599
0.0086585522994055,2.767767767767768,-0.00961,-0.0104500761146378,0.0087058505123262,0.006176
0.0086106900207582,2.76976976976977,-0.00983,-0.0106828552242062,0.0086057317784557,0.00638
0.0085630579917266,2.771771771771772,-0.01001,-0.0109156343337745,0.0085422810287667,0.006462
0.0085156553193942,2.7737737737737738,-0.01021,-0.0111484134433427,0.0085190398152306,0.006165
0.0084684811130356,2.7757757757757755,-0.01041,-0.011381192552911,0.0084779659772472,0.006004
0.0084215344841183,2.7777777777777777,-0.01071,-0.0116139716624793,0.0084333255296397,0.006203
0.0083748145463052,2.77977977977978,-0.01079,-0.0118467507720476,0.0083842195725452,0.005856
0.0083283204154561,2.781781781781782,-0.01108,-0.0120795298816159,0.0083418691622982,0.005558
0.0082820512096303,2.783783783783784,-0.0114,-0.0123123089911842,0.0083057451436693,0.005676
0.0082360060490877,2.785785785785785,-0.01158,-0.0125450881007525,0.0082803904155428,0.00579
0.0081901840562913,2.787787787787788,-0.01178,-0.0127778672103208,0.0081808861605889,0.0058
0.0081445843559086,2.78978978978979,-0.0121,-0.0130106463198891,0.0081224242202733,0.00544
0.0080992060748135,2.791791791791792,-0.01227,-0.0132434254294575,0.0081015434986292,0.00556
0.0080540483420881,2.793793793793794,-0.01253,-0.0134762045390257,0.0080653952141765,0.005497
0.0080091102890238,2.7957957957957955,-0.01268,-0.013708983648594,0.0080199695771876,0.00537
0.0079643910491234,2.7977977977977977,-0.01289,-0.0139417627581623,0.0079787752488744,0.00612
0.0079198897581025,2.7997997997998,-0.01306,-0.0141745418677306,0.0079502767797253,0.00562
0.0078756055538909,2.801801801801802,-0.01364,-0.0144073209772989,0.0078939696401373,0.005547
0.0078315375766338,2.803803803803804,-0.01387,-0.0146401000868672,0.0078256990536278,0.00525
0.0077876849686936,2.805805805805805,-0.01402,-0.0148728791964354,0.0077612436335066,0.005104
0.0077440468746508,2.807807807807808,-0.0141,-0.0151056583060038,0.00773369981791,0.005512
0.0077006224413056,2.80980980980981,-0.01431,-0.0153384374155721,0.007705020257938,0.00542
0.0076574108176788,2.811811811811812,-0.01463,-0.0155712165251404,0.0076686947863902,0.00515
0.007614411155013,2.813813813813814,-0.01497,-0.0158039956347087,0.0076204838528874,0.005474
0.007571622606774,2.8158158158158155,-0.01514,-0.016036774744277,0.0075785234364352,0.005264
0.0075290443286516,2.8178178178178177,-0.01532,-0.0162695538538453,0.0075354708869807,0.005173
0.0074866754785603,2.81981981981982,-0.01546,-0.0165023329634136,0.0074964474641826,0.005127
0.0074445152166411,2.821821821821822,-0.01575,-0.0167351120729819,0.0074525651557832,0.00476
0.0074025627052615,2.823823823823824,-0.01599,-0.0169678911825502,0.0074118357600899,0.00522
0.0073608171090169,2.825825825825825,-0.01634,-0.0172006702921184,0.0073675438949605,0.004913
0.0073192775947311,2.827827827827828,-0.0165,-0.0174334494016867,0.0073309538722315,0.005
0.0072779433314574,2.82982982982983,-0.01671,-0.0176662285112551,0.0073044832418025,0.004757
0.0072368134904788,2.831831831831832,-0.01688,-0.0178990076208234,0.0072381513933337,0.00479
0.0071958872453093,2.833833833833834,-0.01721,-0.0181317867303916,0.0072013050209885,0.00467
0.0071551637716939,2.8358358358358355,-0.01746,-0.0183645658399599,0.0071772636237643,0.004692
0.0071146422476094,2.8378378378378377,-0.01767,-0.0185973449495282,0.0071094609600614,0.004818
0.0070743218532651,2.83983983983984,-0.01784,-0.0188301240590965,0.0070787911252542,0.004654
0.0070342017711029,2.841841841841842,-0.018,-0.0190629031686649,0.007039042123707,0.004745
0.006994281185798,2.843843843843844,-0.01834,-0.0192956822782331,0.0070050796447306,0.004734
0.0069545592842592,2.845845845845845,-0.01851,-0.0195284613878014,0.0069653159790357,0.004616
0.0069150352556291,2.847847847847848,-0.01895,-0.0197612404973697,0.0069277400855707,0.00461
0.0068757082912845,2.84984984984985,-0.0191,-0.019994019606938,0.0068927151410919,0.00439
0.0068365775848368,2.851851851851852,-0.0192,-0.0202267987165064,0.0068354897278012,0.004505
0.0067976423321315,2.853853853853854,-0.01936,-0.0204595778260746,0.00680509267455,0.004738
0.0067589017312494,2.855855855855856,-0.0197,-0.0206923569356429,0.0067663148099319,0.004864
0.0067203549825057,2.8578578578578577,-0.02005,-0.0209251360452112,0.0067265802994579,0.004635
0.0066820012884505,2.85985985985986,-0.02019,-0.0211579151547795,0.0066862605376339,0.004955
0.006643839853869,2.861861861861862,-0.0204,-0.0213906942643478,0.0066499763418975,0.004654
0.0066058698857811,2.863863863863864,-0.02057,-0.0216234733739161,0.0066172990510285,0.00464
0.0065680905934414,2.8658658658658656,-0.0208,-0.0218562524834844,0.0065764495490804,0.00432
0.006530501188339,2.867867867867868,-0.02097,-0.0220890315930527,0.0065354276088063,0.004204
0.0064931008841977,2.86986986986987,-0.02141,-0.022321810702621,0.0064987429516696,0.00433
0.0064558888969753,2.871871871871872,-0.0216,-0.0225545898121893,0.006461863436042,0.004284
0.0064188644448635,2.873873873873874,-0.02177,-0.0227873689217576,0.0064470497953323,0.004654
0.006382026748288,2.875875875875876,-0.02194,-0.0230201480313259,0.0064045929499011,0.003906
0.0063453750299074,2.8778778778778777,-0.02225,-0.0232529271408942,0.0063649266894612,0.00415
0.0063089085146133,2.87987987987988,-0.02252,-0.0234857062504625,0.0063159648664775,0.00405
0.00627262642953,2.881881881881882,-0.02287,-0.0237184853600308,0.0062880028364345,0.00415
0.0062365280040136,2.883883883883884,-0.02306,-0.0239512644695991,0.0062663006470837,0.004417
0.0062006124696517,2.8858858858858856,-0.02325,-0.0241840435791673,0.0061836244074505,0.00447
0.0061648790602628,2.887887887887888,-0.02357,-0.0244168226887356,0.0061507035357134,0.0041
0.0061293270118958,2.88988988988989,-0.02397,-0.024649601798304,0.0061357661735417,0.004063
0.0060939555628292,2.891891891891892,-0.02419,-0.0248823809078723,0.0061046085509125,0.004234
0.0060587639535707,2.893893893893894,-0.02428,-0.0251151600174406,0.0060760759549461,0.004147
0.0060237514268561,2.895895895895896,-0.02444,-0.0253479391270088,0.0060571472321357,0.00356
0.0059889172276487,2.8978978978978978,-0.02483,-0.0255807182365772,0.0059804432350048,0.00369
0.0059542606031386,2.8998998998999,-0.02495,-0.0258134973461455,0.0059460757744194,0.003763
0.0059197808027417,2.901901901901902,-0.02527,-0.0260462764557138,0.0059253769552784,0.003773
0.0058854770780991,2.903903903903904,-0.02547,-0.026279055565282,0.0058845179942376,0.003675
0.0058513486830756,2.9059059059059056,-0.02568,-0.0265118346748503,0.0058554824845891,0.003698
0.0058173948737595,2.907907907907908,-0.02573,-0.0267446137844186,0.0058197977170365,0.00412
0.0057836149084609,2.90990990990991,-0.02606,-0.0269773928939869,0.0057930836850396,0.00392
0.0057500080477111,2.911911911911912,-0.02655,-0.0272101720035553,0.0057584322001375,0.004242
0.0057165735542615,2.913913913913914,-0.02667,-0.0274429511131235,0.0057206148710058,0.003658
0.0056833106930822,2.915915915915916,-0.02686,-0.0276757302226918,0.0056906524704502,0.003613
0.0056502187313611,2.9179179179179178,-0.02704,-0.0279085093322601,0.0056648099418754,0.00353
0.0056172969385026,2.91991991991992,-0.02731,-0.0281412884418284,0.0056381258939052,0.003828
0.0055845445861266,2.921921921921922,-0.02747,-0.0283740675513968,0.0055787622886963,0.003447
0.0055519609480668,2.923923923923924,-0.0278,-0.028606846660965,0.0055500579418609,0.00343
0.0055195453003697,2.9259259259259256,-0.02795,-0.0288396257705333,0.0055247569087512,0.00315
0.0054872969212932,2.927927927927928,-0.0281,-0.0290724048801016,0.0054960339984785,0.00338
0.0054552150913055,2.92992992992993,-0.02835,-0.0293051839896699,0.0054562007626743,0.003693
0.005423299093083,2.931931931931932,-0.02866,-0.0295379630992382,0.0054319279707906,0.003044
0.0053915482115096,2.933933933933934,-0.02899,-0.0297707422088065,0.0054010998305056,0.003853
0.0053599617336748,2.935935935935936,-0.02927,-0.0300035213183748,0.0053675752484149,0.003859
0.0053285389488721,2.937937937937938,-0.02939,-0.0302363004279431,0.0053351735833459,0.003742
0.0052972791485979,2.93993993993994,-0.02954,-0.0304690795375114,0.0053001363670206,0.003813
0.0052661816265494,2.941941941941942,-0.0297,-0.0307018586470797,0.0052705643630222,0.003677
0.0052352456786234,2.943943943943944,-0.03006,-0.030934637756648,0.0052402196102795,0.003254
0.0052044706029144,2.9459459459459456,-0.03033,-0.0311674168662163,0.0052192732541313,0.003002
0.0051738556997129,2.947947947947948,-0.03052,-0.0314001959757846,0.005208240279012,0.003012
0.0051434002715038,2.94994994994995,-0.03073,-0.0316329750853529,0.0051363167773183,0.003279
0.0051131036229647,2.951951951951952,-0.03079,-0.0318657541949212,0.0051135428780431,0.003527
0.0050829650609637,2.953953953953954,-0.03113,-0.0320985333044895,0.0050827799562605,0.00341
0.005052983894558,2.955955955955956,-0.03143,-0.0323313124140577,0.0050776765175504,0.003561
0.0050231594349921,2.957957957957958,-0.03174,-0.0325640915236261,0.0050156033863733,0.003632
0.0049934909956956,2.95995995995996,-0.03192,-0.0327968706331944,0.0049891481584631,0.003742
0.0049639778922811,2.961961961961962,-0.03226,-0.0330296497427627,0.0049693646495237,0.00328
0.004934619442543,2.963963963963964,-0.03253,-0.0332624288523309,0.0049420364990772,0.003183
0.0049054149664549,2.9659659659659656,-0.03284,-0.0334952079618992,0.0049092833616908,0.00316
0.0048763637861674,2.967967967967968,-0.03305,-0.0337279870714675,0.0048799094234067,0.003345
0.004847465226007,2.96996996996997,-0.0332,-0.0339607661810358,0.00485849993475,0.003242
0.0048187186124728,2.971971971971972,-0.03336,-0.0341935452906042,0.0048507290240122,0.00318
0.0047901232742354,2.973973973973974,-0.0337,-0.0344263244001725,0.0047849026897088,0.002998
0.0047616785421341,2.975975975975976,-0.03387,-0.0346591035097407,0.0047546933092437,0.00351
0.0047333837491751,2.977977977977978,-0.0343,-0.034891882619309,0.0047371398554136,0.003414
0.0047052382305291,2.97997997997998,-0.03442,-0.0351246617288774,0.0047210829907004,0.002789
0.0046772413235291,2.981981981981982,-0.03458,-0.0353574408384457,0.0046720002795203,0.002766
0.0046493923676682,2.983983983983984,-0.03476,-0.0355902199480139,0.0046510956635217,0.002617
0.0046216907045974,2.985985985985986,-0.03506,-0.0358229990575822,0.0046247613559741,0.00301
0.0045941356781229,2.987987987987988,-0.03543,-0.0360557781671505,0.0045980124053659,0.003105
0.0045667266342041,2.98998998998999,-0.03558,-0.0362885572767188,0.0045747000545903,0.003342
0.0045394629209511,2.991991991991992,-0.0358,-0.0365213363862871,0.0045577860217394,0.003265
0.0045123438886223,2.993993993993994,-0.03586,-0.0367541154958554,0.0045124217898343,0.003376
0.0044853688896219,2.995995995995996,-0.03622,-0.0369868946054237,0.0044886747870892,0.003284
0.0044585372784976,2.997997997997998,-0.03638,-0.037219673714992,0.0044774054203534,0.003353
0.004431848411938,3.0,-0.0367,-0.0374524528245603,0.0044565324340567,0.003027
